external_id,building_code,name,latitude,longitude,status,country,type,serial_numbers
Ethiopia_ETHDILOFU01_FU Dilla 01,ETHDILOFU01,FU Dilla 01,6.419117,38.304412,Open,Ethiopia,office,"009-807D4,009-8082B"
Ethiopia_ETHDIMOFU01_FU Dimma 01,ETHDIMOFU01,FU Dimma 01,6.511493,35.179778,Open,Ethiopia,office,009-807C4
Ethiopia_ETHDIROFO01_FO Dire Dawa 01,ETHDIROFO01,FO Dire Dawa 01,9.60289,41.85854,Open,Ethiopia,office,009-80828
Ethiopia_ETHGAMGGH01_GH Gambella 01,ETHGAMGGH01,GH Gambella 01,8.272276,34.580689,Open,Ethiopia,office,009-807D5
Ethiopia_ETHGNDOFO01_FO Gondar 01,ETHGNDOFO01,FO Gondar 01,12.613444,37.458083,Open,Ethiopia,office,009-80B85
Guatemala_GTMGUCOCO02_CO Guatemala city 02,GTMGUCOCO02,CO Guatemala city 02,14.599122,-90.508452,Open,Guatemala,office,"009-80AB9,009-80ADF"
Zimbabwe_ZWEHRAOCO01_CO Harare 01,ZWEHRAOCO01,CO Harare 01,-17.7695,31.0393,Open,Zimbabwe,office,009-8084D
Ethiopia_ETHDEBOFU01_FU Debre Birhan 01,ETHDEBOFU01,FU Debre Birhan 01,9.66696,39.518475,Open,Ethiopia,office,"009-807D4,009-8082B"
Ecuador_ECUIBAOSO01_SO Ibarra 01,ECUIBAOSO01,SO Ibarra 01,0.367762,-78.088158,Open,Ecuador,office,"009-80957,009-80959"
Zambia_ZMBSOLOFO01_FO Solwezi 01,ZMBSOLOFO01,FO Solwezi 01,-12.1858,26.4122,Open,Zambia,office,009-8084D
Bosnia and Herzegovina_BIHBHCOFU01_FU Bihac 01,BIHBHCOFU01,FU Bihac 01,44.811326,15.872439,Open,Bosnia and Herzegovina,office,009-809AE
Ethiopia_ETHDBTOFO01_FO Dabat 01,ETHDBTOFO01,FO Dabat 01,12.980833,37.76,Open,Ethiopia,office,"009-807D4,009-8082B"
Ethiopia_ETHDBKOFO01_FO Debark 01,ETHDBKOFO01,FO Debark 01,13.152768,37.898698,Open,Ethiopia,office,"009-807D4,009-8082B"
Afghanistan_AFGKABGGH01_GH Kabul 01,AFGKABGGH01,GH Kabul 01,34.551667,69.232139,Open,Afghanistan,office,009-80892
Bosnia and Herzegovina_BIHSAROCO01_CO Sarajevo 01,BIHSAROCO01,CO Sarajevo 01,43.857367,18.406742,Open,Bosnia and Herzegovina,office,"009-808B6,009-80B64"
Ethiopia_ETHBUROSO01_SO Buramino 01,ETHBUROSO01,SO Buramino 01,4.301911,41.91575,Open,Ethiopia,office,"009-807D4,009-8082B"
United Arab Emirates_AREABDOCO01_CO Abu Dhabi 01,AREABDOCO01,CO Abu Dhabi 01,24.470462,54.38213,Open,United Arab Emirates,office,009-8083F
Ethiopia_ETHBRHOFU01_FU Barahle  01,ETHBRHOFU01,FU Barahle  01,13.842355,40.01281,Planned,Ethiopia,office,"009-807D4,009-8082B"
Afghanistan_AFGKUNOFU01_FU Kunduz 01,AFGKUNOFU01,FU Kunduz 01,36,68,Open,Afghanistan,office,009-80981
Afghanistan_AFGMAZOSO01_SO Mazar i Sharif 01,AFGMAZOSO01,SO Mazar i Sharif 01,36.69793,67.10373,Open,Afghanistan,office,"009-80893,009-80894"
Angola_AGODUNOFO01_FO Dundo 01,AGODUNOFO01,FO Dundo 01,-7.354621,20.810151,Open,Angola,office,009-80741
Albania_ALBKOCOFU01_FU Korca 01,ALBKOCOFU01,FU Korca 01,40.622504,20.782155,Open,Albania,office,009-80757
Ethiopia_ETHBOKOSO01_SO Bokolmayo 01,ETHBOKOSO01,SO Bokolmayo 01,4.547914,41.536389,Open,Ethiopia,office,"009-807D4,009-8082B"
Australia_AUSCNBOMC01_MC Canberra 01,AUSCNBOMC01,MC Canberra 01,-35.2848,149.1243,Open,Australia,office,009-80DC6
Zambia_ZMBLUSOCO01_CO Lusaka 01,ZMBLUSOCO01,CO Lusaka 01,-15.37333,28.39212,Closed,Zambia,office,009-8084D
Ethiopia_ETHBMBOFU01_FU Bambasi 01,ETHBMBOFU01,FU Bambasi 01,9.77886,34.779297,Open,Ethiopia,office,"009-807D4,009-8082B"
Colombia_COLBOGOFO01_FO Bogota 01,COLBOGOFO01,FO Bogota 01,4.656685,-74.060654,Open,Colombia,office,009-80DD8
Georgia_GEOSUKOFO01_FO Sukhumi 01,GEOSUKOFO01,FO Sukhumi 01,43.00711,41.00916,Open,Georgia,office,009-807DB
Zambia_ZMBLUSOCO01_CO Lusaka 01,ZMBLUSOCO01,CO Lusaka 01,-15.37333,28.39212,Open,Zambia,office,009-8084D
Ethiopia_ETHBKHOFO01_FO Bokh 01,ETHBKHOFO01,FO Bokh 01,7.450756,46.666508,Open,Ethiopia,office,"009-807D4,009-8082B"
Zambia_ZMBKAWOFO01_FO Kawambwa 01,ZMBKAWOFO01,FO Kawambwa 01,-9.79431,29.08012,Open,Zambia,office,009-8084D
Belgium_BELBRUOMC01_MC Brussels 01,BELBRUOMC01,MC Brussels 01,50.82393,4.367,Open,Belgium,office,009-808F6
Burkina Faso_BFADOROSO01_SO Dori 01,BFADOROSO01,SO Dori 01,14.036229,-0.023705,Open,Burkina Faso,office,009-80DDC
Burkina Faso_BFAFGMOFO01_FO Fada N’Gourma 01,BFAFGMOFO01,FO Fada N’Gourma 01,12.065445,0.37598,Open,Burkina Faso,office,009-80DB9
Ethiopia_ETHAYSOFU01_FU Aysaita 01,ETHAYSOFU01,FU Aysaita 01,11.589455,41.446625,Open,Ethiopia,office,"009-807D4,009-8082B"
Ethiopia_ETHAXUOFU01_FU Axum 01,ETHAXUOFU01,FU Axum 01,14.1227,38.7313,Open,Ethiopia,office,"009-807D4,009-8082B"
South Africa_ZAFPREORB01_RB Pretoria 01,ZAFPREORB01,RB Pretoria 01,-25.774,28.23802,Open,South Africa,office,009-8084D
Ivory Coast_CIVGUIOFU01_FU Guiglo 01,CIVGUIOFU01,FU Guiglo 01,6.548353,-7.55426,Closed,Ivory Coast,office,009-807B3
Cameroon_CMRBAEOSO01_SO Bamenda 01,CMRBAEOSO01,SO Bamenda 01,5.949427,10.170229,Open,Cameroon,office,009-80A14
Cameroon_CMRBATOFU01_FU Batouri 01,CMRBATOFU01,FU Batouri 01,4.42726,14.35891,Open,Cameroon,office,009-80A0C
Ethiopia_ETHADIOFU01_FU Abi Adi 01,ETHADIOFU01,FU Abi Adi 01,13.621095,39.000942,Closed,Ethiopia,office,009-807D8
Ethiopia_ETHAXUOFU01_FU Axum 01,ETHAXUOFU01,FU Axum 01,14.125,38.73,Open,Ethiopia,office,"009-807D4,009-8082B"
Bangladesh_BGDCOXOSO01_SO Coxs Bazar 01,BGDCOXOSO01,SO Coxs Bazar 01,21.43354,91.97349,Open,Bangladesh,office,"009-8092D,009-80B1A,009-80B27"
Bangladesh_BGDDHAOCO01_CO Dhaka 01,BGDDHAOCO01,CO Dhaka 01,23.79662,90.41667,Open,Bangladesh,office,"009-808D8,009-808D9,009-8092C"
Switzerland_CHEBRNOCO01_CO Bern 01,CHEBRNOCO01,CO Bern 01,46.939029,7.473338,Open,Switzerland,office,009-80B37
China_CHNBEJOCO01_CO Beijing 01,CHNBEJOCO01,CO Beijing 01,39.56432,116.27053,Open,China,office,"009-80742,009-80760"
Ivory Coast_CIVABIOCO01_CO Abidjan 01,CIVABIOCO01,CO Abidjan 01,5.377574,-3.996797,Open,Ivory Coast,office,009-807B3
Cameroon_CMRBTUOSO01_SO Bertoua 01,CMRBTUOSO01,SO Bertoua 01,4.573045,13.66852,Open,Cameroon,office,009-80A0A
Cameroon_CMRDJOOFU01_FU Djohong 01,CMRDJOOFU01,FU Djohong 01,6.83708,14.68257,Open,Cameroon,office,009-809FD
Ethiopia_ETHADGOFU01_FU Adigrat 01,ETHADGOFU01,FU Adigrat 01,14.280246,39.466869,Closed,Ethiopia,office,009-807D8
Ethiopia_ETHASAOSO01_SO Asosa 01,ETHASAOSO01,SO Asosa 01,10.0634,34.5407,Open,Ethiopia,office,"009-807D4,009-8082B"
Yemen_YEMSDAOFO01_FO Saada 01,YEMSDAOFO01,FO Saada 01,16.936056,43.755611,Open,Yemen,office,009-8084D
Bosnia and Herzegovina_BIHTUZOFU01_FU Tuzla 01,BIHTUZOFU01,FU Tuzla 01,44.533673,18.644855,Open,Bosnia and Herzegovina,office,"009-808B6,009-80B64"
Canada_CANTOROSO01_SO Toronto 01,CANTOROSO01,SO Toronto 01,43.68828,-79.394521,Open,Canada,office,009-80B37
Ethiopia_ETHADDOLO01_LO Addis Ababa 01,ETHADDOLO01,LO Addis Ababa 01,9.013086,38.768771,Open,Ethiopia,office,009-807D8
Yemen_YEMSANOCO01_CO Sanaa 01,YEMSANOCO01,CO Sanaa 01,15.336439,44.186353,Open,Yemen,office,009-8084D
Brazil_BRABOAOSO01_SO Boa Vista 01,BRABOAOSO01,SO Boa Vista 01,2.82357,60.69417,Open,Brazil,office,009-80923
external_id,building_code,name,latitude,longitude,status,country,type,009-80935
Canada_CANMTROFO01_FO Montreal 01,CANMTROFO01,FO Montreal 01,45.506636,-73.562262,Open,Canada,office,009-80B37
Cameroon_CMRMEIOFO01_FO Meiganga 01,CMRMEIOFO01,FO Meiganga 01,6.52034,14.27904,Open,Cameroon,office,009-80A09
Ethiopia_ETHADDOCO01_CO Addis Ababa 01,ETHADDOCO01,CO Addis Ababa 01,8.992535,38.767992,Open,Ethiopia,office,009-807D8
Yemen_YEMMRBOFO01_FO Marib  01,YEMMRBOFO01,FO Marib  01,15.46258,45.31708,Open,Yemen,office,009-8084D
Brazil_BRABOAOSO01_SO Boa Vista 01,BRABOAOSO01,SO Boa Vista 01,2.82357,-60.69417,Open,Brazil,office,009-80923
Brazil_BRAMANOFU01_FO Manaus 01,BRAMANOFU01,FO Manaus 01,-3.106882,-60.006077,Open,Brazil,office,009-8098D
Brazil_BRAPACOFU01_FU Pacaraima 01,BRAPACOFU01,FU Pacaraima 01,4.47653,61.14657,Open,Brazil,office,009-80935
Costa Rica_CRIJOSOFU01_FU San Jose 01,CRIJOSOFU01,FU San Jose 01,9.941286,-84.113823,Open,Costa Rica,office,009-80780
Central African Republic_CAFMGBOFU01_FU Mongoumba 01,CAFMGBOFU01,FU Mongoumba 01,3.627778,18.594722,Open,Central African Republic,office,009-80B2A
Spain_ESPPLMOFU01_FU Las Palmas 01,ESPPLMOFU01,FU Las Palmas 01,28.00318,-15.38918,Open,Spain,office,009-80834
Central African Republic_CAFBOUOSO01_FO Bouar 01,CAFBOUOSO01,FO Bouar 01,5.93959,15.579975,Open,Central African Republic,office,009-80B34
Central African Republic_CAFKAGOFO01_FO Kaga Bandoro 01,CAFKAGOFO01,FO Kaga Bandoro 01,7.006327,19.179549,Open,Central African Republic,office,009-80B36
Cameroon_CMRYAOOMC02_MC Yaounde 02,CMRYAOOMC02,MC Yaounde 02,3.884981,11.507416,Closed,Cameroon,office,009-80A16
Spain_ESPMLGOFU01_FU Malaga 01,ESPMLGOFU01,FU Malaga 01,36.71872,-4.43223,Open,Spain,office,009-80834
Yemen_YEMIBBOFO01_FO Ibb 01,YEMIBBOFO01,FO Ibb 01,13.985887,44.164868,Open,Yemen,office,009-8084D
Denmark_DNKCOPOHQ01_HQ Copenhagen 01,DNKCOPOHQ01,HQ Copenhagen 01,55.704671,12.597333,Open,Denmark,office,009-8064A
Dominican Republic_DOMSDMOOC01_OC Santo Domingo 01,DOMSDMOOC01,OC Santo Domingo 01,18.469046,-69.914542,Open,Dominican Republic,office,009-8086E
Algeria_DZAALGOCO01_CO Algiers 01,DZAALGOCO01,CO Algiers 01,36.760475,3.034483,Open,Algeria,office,009-80A69
Spain_ESPMLAOFU01_FU Melilla 01,ESPMLAOFU01,FU Melilla 01,35.2936,-2.94006,Open,Spain,office,009-80834
Djibouti_DJIALIOFO01_FO Ali Sabieh 01,DJIALIOFO01,FO Ali Sabieh 01,11.157845,42.70409,Open,Djibouti,office,009-80639
Djibouti_DJIDJBOCO01_CO Djibouti 01,DJIDJBOCO01,CO Djibouti 01,11.616165,43.149592,Open,Djibouti,office,"009-8063D,009-80640,009-80641,009-80644,009-80645,009-8064C,009-8064D,009-8064E"
Djibouti_DJIOBKOFO01_FO Obock 01,DJIOBKOFO01,FO Obock 01,11.963543,43.28571,Open,Djibouti,office,009-8064A
Ecuador_ECUGAYOFO01_SMO - FO Guayaquil 01,ECUGAYOFO01,SMO - FO Guayaquil 01,-2.15919,-79.92846,Temporary,Ecuador,office,"009-80910,009-80931"
Ecuador_ECUGAYOSO01_SO Guayaquil 01,ECUGAYOSO01,SO Guayaquil 01,-2.171555,-79.910614,Open,Ecuador,office,"009-80911,009-80937"
Ecuador_ECUQITOFO01_SMO - FO Quito 01,ECUQITOFO01,SMO - FO Quito 01,-1.032471,-79.829077,Temporary,Ecuador,office,"009-80836,009-80840,009-80844,009-8090E,009-8090F"
Spain_ESPMADOCO01_CO Madrid 01,ESPMADOCO01,CO Madrid 01,40.45214,-3.694416,Open,Spain,office,009-80834
Democratic Republic of the Congo_CODBENOFO01_FO Beni 01,CODBENOFO01,FO Beni 01,-0.980607,28.653062,Open,Democratic Republic of the Congo,office,009-80E0B
Germany_DEUNUROLO01_LO Nuremberg 01,DEUNUROLO01,LO Nuremberg 01,49.42974,11.04456,Open,Germany,office,009-8089B
Algeria_DZATINOSO01_SO Tindouf 01,DZATINOSO01,SO Tindouf 01,27.667828,-8.149159,Open,Algeria,office,009-80A66
Ecuador_ECUAMBOFU01_FU Ambato 01,ECUAMBOFU01,FU Ambato 01,-1.262167,-78.639438,Closed,Ecuador,office,009-80957
Ecuador_ECUCUEOFU01_FU Cuenca 01,ECUCUEOFU01,FU Cuenca 01,-2.910647,-79.002563,Open,Ecuador,office,"009-8092A,009-8092B"
Ecuador_ECUESMOFO01_FO Esmeraldas 01,ECUESMOFO01,FO Esmeraldas 01,0.989829,-79.653614,Open,Ecuador,office,"009-80910,009-80931"
Ecuador_ECUMTAOFO01_SMO - FO Manta 01,ECUMTAOFO01,SMO - FO Manta 01,-0.98109,-80.69669,Planned,Ecuador,office,009-80927
Ecuador_ECUQITOCO01_CO Quito 01,ECUQITOCO01,CO Quito 01,0.19865,78.48141,Open,Ecuador,office,"009-80836,009-80840,009-80844,009-8090E,009-8090F"
Ecuador_ECUTULOFO01_FO Tulcan 01,ECUTULOFO01,FO Tulcan 01,0.797359,77.732304,Planned,Ecuador,office,"009-80921,009-80932"
Spain_ESPALCOFU01_FU Algeciras 01,ESPALCOFU01,FU Algeciras 01,36.14277,-5.4467,Open,Spain,office,009-80834
Democratic Republic of the Congo_CODBUKOFO03_FO Bukavu 03,CODBUKOFO03,FO Bukavu 03,-2.49507,28.879406,Open,Democratic Republic of the Congo,office,009-808DD
Democratic Republic of the Congo_CODBUNOFO01_FO Bunia 01,CODBUNOFO01,FO Bunia 01,1.550591,30.243816,Open,Democratic Republic of the Congo,office,"009-80954,009-80E11"
Costa Rica_CRICRNOFO01_FO Ciudad Neily 01,CRICRNOFO01,FO Ciudad Neily 01,8.650923,-82.943391,Open,Costa Rica,office,009-80DDE
Costa Rica_CRIJOSOCO01_CO San Jose 01,CRIJOSOCO01,CO San Jose 01,9.942014,-84.115056,Open,Costa Rica,office,009-80786
Germany_DEUBEROCO01_CO Berlin 01,DEUBEROCO01,CO Berlin 01,52.507898,13.391126,Open,Germany,office,009-8089B
Ecuador_ECULAGOFO01_FO Lago Agrio 01,ECULAGOFO01,FO Lago Agrio 01,0.10818,-76.90976,Open,Ecuador,office,009-80927
Egypt_EGYCAIOCO01_CO Cairo 01,EGYCAIOCO01,CO Cairo 01,29.983376,30.939328,Open,Egypt,office,009-80A39
Egypt_EGYCAIOCO02_CO Cairo 02,EGYCAIOCO02,CO Cairo 02,30.0582,31.2229,Open,Egypt,office,009-80A38
Egypt_EGYCAIOFO01_FO Cairo 01,EGYCAIOFO01,FO Cairo 01,29.97094,30.93505,Open,Egypt,office,009-80A49
Eritrea_ERIASMOCO01_CO Asmara 01,ERIASMOCO01,CO Asmara 01,15.322465,38.924824,Open,Eritrea,office,"009-8097B,009-80A6A,009-80A6B"
Western Sahara_ESHLAAOLO01_LO Laayoune 01,ESHLAAOLO01,LO Laayoune 01,27.151553,-13.190967,Open,Western Sahara,office,009-80834
Ukraine_UKRLVOFO01_FO Lviv 01,UKRLVOFO01,FO Lviv 01,49.833999,24.037123,Open,Ukraine,office,009-8084D
Colombia_COLQIBOFO01_FO Quibdo 01,COLQIBOFO01,FO Quibdo 01,5.68648,-76.661619,Open,Colombia,office,009-80A1C
Colombia_COLRIOOSO01_SO Riohacha 01,COLRIOOSO01,SO Riohacha 01,11.55216,-72.90883,Open,Colombia,office,009-80A33
Costa Rica_CRICRNOFO01_FO Ciudad Neily 01,CRICRNOFO01,FO Ciudad Neily 01,40.455328,73.585088,Open,Costa Rica,office,009-80DDE
Cuba_CUBHAVOFU01_FU Havana 01,CUBHAVOFU01,FU Havana 01,23.125641,-82.422011,Open,Cuba,office,009-80787
Cyprus_CYPNICOCO01_CO Nicosia 01,CYPNICOCO01,CO Nicosia 01,35.16317,33.34821,Open,Cyprus,office,009-8089B
Ukraine_UKRKYVOCO01_CO Kyiv 01,UKRKYVOCO01,CO Kyiv 01,50.438967,30.498928,Open,Ukraine,office,009-8084D
Democratic Republic of the Congo_CODGOMOSO01_SO Goma 01,CODGOMOSO01,SO Goma 01,-1.677871,29.220446,Open,Democratic Republic of the Congo,office,009-8091B
Democratic Republic of the Congo_CODKALOSO01_SO Kalemie 01,CODKALOSO01,SO Kalemie 01,-5.910473,29.207918,Open,Democratic Republic of the Congo,office,"009-808DE,009-80E10"
Colombia_COLBOGOCO01_CO Bogota 01,COLBOGOCO01,CO Bogota 01,4.657012,-74.060564,Open,Colombia,office,009-80842
Colombia_COLPOPOFU01_FU Popayan 01,COLPOPOFU01,FU Popayan 01,2.4551,-76.59554,Open,Colombia,office,009-80DD9
Colombia_COLQIBOFO01_FO Quibdo 01,COLQIBOFO01,FO Quibdo 01,5.686476,-76.661619,Open,Colombia,office,009-80A1C
Yemen_YEMHUDOFO01_FO Hudaydah 01,YEMHUDOFO01,FO Hudaydah 01,14.8122,42.938944,Open,Yemen,office,009-8084D
Colombia_COLCUCOSO01_SO Cucuta 01,COLCUCOSO01,SO Cucuta 01,7.88296,-72.49359,Open,Colombia,office,009-80843
Colombia_COLIPIOFU01_FU Ipiales 01,COLIPIOFU01,FU Ipiales 01,0.82877,-77.649573,Open,Colombia,office,009-80A36
Colombia_COLMAIOFU01_FU Maicao 01,COLMAIOFU01,FU Maicao 01,11.38021,-72.24081,Open,Colombia,office,009-80A2D
Colombia_COLMEDOSO01_SO Medellin 01,COLMEDOSO01,SO Medellin 01,6.209235,-75.573658,Open,Colombia,office,009-80A2F
Colombia_COLMOCOFU01_FU Mocoa 01,COLMOCOFU01,FU Mocoa 01,1.15208,-76.6499,Open,Colombia,office,009-80A30
Colombia_COLPASOFO01_FO Pasto 01,COLPASOFO01,FO Pasto 01,1.22479,-77.28405,Open,Colombia,office,009-80A47
Democratic Republic of the Congo_CODKNGOSO01_SO Kananga 01,CODKNGOSO01,SO Kananga 01,-5.901245,22.405886,Open,Democratic Republic of the Congo,office,"009-80DB4,009-80E09"
Democratic Republic of the Congo_CODLIBOFO01_FO Libenge 01,CODLIBOFO01,FO Libenge 01,3.642589,18.629819,Open,Democratic Republic of the Congo,office,009-80B2F
Democratic Republic of the Congo_CODTSHOFO01_FO Tshikapa 01,CODTSHOFO01,FO Tshikapa 01,90,180,Open,Democratic Republic of the Congo,office,"009-80984,009-80E13"
Democratic Republic of the Congo_CODUVIOFO01_FO Uvira 01,CODUVIOFO01,FO Uvira 01,-3.403481,28.810007,Open,Democratic Republic of the Congo,office,"009-80DCB,009-80E0D"
Democratic Republic of the Congo_CODYAKOFO01_FO Yakoma 01,CODYAKOFO01,FO Yakoma 01,4.109848,22.440035,Open,Democratic Republic of the Congo,office,009-80ABB
Republic of the Congo_COGBETOFO01_FO Betou 01,COGBETOFO01,FO Betou 01,3.059492,18.515968,Open,Republic of the Congo,office,009-80B5E 
Republic of the Congo_COGBRZOCO01_CO Brazzaville 01,COGBRZOCO01,CO Brazzaville 01,-4.272964,15.275093,Open,Republic of the Congo,office,009-8075B
Republic of the Congo_COGGMBOFO01_FO Gamboma 01,COGGMBOFO01,FO Gamboma 01,1.868361,15.885928,Open,Republic of the Congo,office,009-8078A
Colombia_COLBNVOFU01_FU Buenaventura 01,COLBNVOFU01,FU Buenaventura 01,3.881676,-77.0165,Open,Colombia,office,009-80A34
Colombia_COLCALOSO01_SO Cali 01,COLCALOSO01,SO Cali 01,3.466222,76.529263,Open,Colombia,office,009-80841
Colombia_COLARAOFO01_FO Arauca 01,COLARAOFO01,FO Arauca 01,7.084744,-70.761512,Open,Colombia,office,009-80A51
Colombia_COLBCROFU01_FU Bucaramanga 01,COLBCROFU01,FU Bucaramanga 01,7.11817,-73.10824,Open,Colombia,office,009-80A31
Algeria_DZARABOFU01_FU Rabouni 01,DZARABOFU01,FU Rabouni 01,27.480264,-8.085898,Open,Algeria,office,009-80A67
Yemen_YEMADEOSO01_SO Aden 01,YEMADEOSO01,SO Aden 01,12.808068,45.028587,Open,Yemen,office,009-8084D
Uganda_UGANAKOFO01_FO Nakivale 01,UGANAKOFO01,FO Nakivale 01,-0.781066,30.949468,Open,Uganda,office,009-8084D
Venezuela_VENVNSOFU01_FU Santa Elena de Uairen 01,VENVNSOFU01,FU Santa Elena de Uairen 01,4.612192,-61.111182,Open,Venezuela,office,009-8084D
Uganda_UGAMOYOSO01_SO Moyo 01,UGAMOYOSO01,SO Moyo 01,3.653009,31.758878,Open,Uganda,office,009-8084D
Venezuela_VENSCROFO01_FO San Cristobal 01,VENSCROFO01,FO San Cristobal 01,7.783942,-72.202589,Open,Venezuela,office,009-8084D
Uganda_UGAMBAOSO01_SO Mbarara 01,UGAMBAOSO01,SO Mbarara 01,-0.597848,30.62917,Open,Uganda,office,009-8084D
Venezuela_VENMRIOFO01_FO Maracaibo 01,VENMRIOFO01,FO Maracaibo 01,10.663479,-71.60499,Open,Venezuela,office,009-8084D
Switzerland_CHEGENOHQ01_HQ Geneva 01,CHEGENOHQ01,HQ Geneva 01,46.221106,6.140581,Open,Switzerland,office,"009-80742,009-80760"
Venezuela_VENGUSOFO01_FO Guasdualito 01,VENGUSOFO01,FO Guasdualito 01,7.22861,-70.725675,Open,Venezuela,office,009-8084D
Venezuela_VENCGAOFO01_FO Ciudad Guayana 01,VENCGAOFO01,FO Ciudad Guayana 01,8.293666,-62.722014,Open,Venezuela,office,009-8084D
Venezuela_VENAYCOFU01_FU Puerto Ayacucho 01,VENAYCOFU01,FU Puerto Ayacucho 01,5.663774,-67.618059,Open,Venezuela,office,009-8084D
Uzbekistan_UZBTASOFU01_FU Tashkent 01,UZBTASOFU01,FU Tashkent 01,41.282815,69.256894,Open,Uzbekistan,office,009-8084D
United States of America_USAWASOMC01_MC Washington 01,USAWASOMC01,MC Washington 01,38.9092,-77.042128,Open,United States of America,office,009-8084D
United States of America_USASDLOFO01_FO San DIego 01,USASDLOFO01,FO San DIego 01,32.722021,-117.16255,Open,United States of America,office,009-8084D
United States of America_USANEYOLO01_LO New York 01,USANEYOLO01,LO New York 01,40.71455,-74.00714,Open,United States of America,office,009-8084D
Syria_SYRHOMOSO01_SO Homs 01,SYRHOMOSO01,SO Homs 01,34.724311,36.700361,Open,Syria,office,009-8084D
Uruguay_URYMOTONO01_NO Montevideo 01,URYMOTONO01,NO Montevideo 01,-34.90413,-56.20069,Open,Uruguay,office,009-8084D
Ukraine_UKRVNTOSO01_SO Vinnytsia 01,UKRVNTOSO01,SO Vinnytsia 01,49.227792,28.456776,Open,Ukraine,office,009-8084D
Syria_SYRLATOFU01_FU Latakia 01,SYRLATOFU01,FU Latakia 01,35.523103,35.802561,Open,Syria,office,009-8084D
Ukraine_UKRUGROFO01_FO Uzhgorod 01,UKRUGROFO01,FO Uzhgorod 01,48.620081,22.294356,Open,Ukraine,office,009-8084D
Ukraine_UKROSAOFU01_FU Odesa 01,UKROSAOFU01,FU Odesa 01,46.473339,30.733733,Open,Ukraine,office,009-8084D
Ukraine_UKRKHVOFO01_FO Kharkiv 01,UKRKHVOFO01,FO Kharkiv 01,50.018276,36.233181,Open,Ukraine,office,009-8084D
Ukraine_UKRDPOOSO01_SO Dnipro 01,UKRDPOOSO01,SO Dnipro 01,48.466531,35.056154,Open,Ukraine,office,009-8084D
Syria_SYRDEZOFU01_FU Dez 01,SYRDEZOFU01,FU Dez 01,35.342952,40.190734,Open,Syria,office,009-8084D
Ukraine_UKRCNVOFU01_FU Chernivtsi 01,UKRCNVOFU01,FU Chernivtsi 01,48.266099,25.9318,Open,Ukraine,office,009-8084D
Turkiye_TURGAZOSO01_SO Gaziantep 01,TURGAZOSO01,SO Gaziantep 01,37.08648,37.339959,Open,Turkiye,office,009-8084D
Uganda_UGAYUMOSO01_SO Yumbe 01,UGAYUMOSO01,SO Yumbe 01,3.47253,31.244738,Open,Uganda,office,009-8084D
Uganda_UGARMNOFO01_FO Rwamwanja 01,UGARMNOFO01,FO Rwamwanja 01,0.338709,30.642988,Open,Uganda,office,009-8084D
Uganda_UGALAMOFO01_FO Lamwo 01,UGALAMOFO01,FO Lamwo 01,3.437298,32.581819,Open,Uganda,office,009-8084D
Uganda_UGAKYKOFU01_FU Kyaka II 01,UGAKYKOFU01,FU Kyaka II 01,0.35782,31.081937,Open,Uganda,office,009-8084D
Uganda_UGAKYAOSO01_SO Kyangwali 01,UGAKYAOSO01,SO Kyangwali 01,1.192471,30.78127,Open,Uganda,office,009-8084D
Trinidad and Tobago_TTOPSPOCO01_CO Port of Spain 01,TTOPSPOCO01,CO Port of Spain 01,10.66283,-61.51076,Open,Trinidad and Tobago,office,009-8084D
Uganda_UGAKRYOFO01_FO Kiryandongo 01,UGAKRYOFO01,FO Kiryandongo 01,1.943785,32.156341,Open,Uganda,office,009-8084D
Tajikistan_TJKDUSOCO01_CO Dushanbe 01,TJKDUSOCO01,CO Dushanbe 01,38.563808,68.801702,Open,Tajikistan,office,009-8084D
Uganda_UGAKISOFU01_FU Kisoro 01,UGAKISOFU01,FU Kisoro 01,-1.28863,29.6907,Open,Uganda,office,009-8084D
Syria_SYRDAMOFO01_FO Damascus 01,SYRDAMOFO01,FO Damascus 01,33.49788,36.28279,Open,Syria,office,009-8084D
Thailand_THAMSOOFO01_FO Mae Sot 01,THAMSOOFO01,FO Mae Sot 01,16.70401,98.57213,Open,Thailand,office,009-8084D
Uganda_UGAKAMOLO01_LO Kampala 01,UGAKAMOLO01,LO Kampala 01,0.324142,32.56546,Open,Uganda,office,009-8084D
Uganda_UGAKAMOCO01_CO Kampala 01,UGAKAMOCO01,CO Kampala 01,0.338251,32.596572,Open,Uganda,office,009-8084D
Uganda_UGAARXOSO01_SO Arua 01,UGAARXOSO01,SO Arua 01,3.01209,30.89223,Open,Uganda,office,009-8084D
Uganda_UGAADJOSO01_SO Adjumani Pakele 01,UGAADJOSO01,SO Adjumani Pakele 01,3.359071,31.852501,Open,Uganda,office,009-8084D
Ethiopia_ETHABROFU01_FU Aw barre 01,ETHABROFU01,FU Aw barre 01,9.780092,43.214732,Open,Ethiopia,office,009-807D8
Ethiopia_ETHGAMOSO01_SO Gambella 01,ETHGAMOSO01,SO Gambella 01,8.272269,34.580618,Open,Ethiopia,office,009-80B85
Tanzania_TZAKSUOFO01_FO Kasulu 01,TZAKSUOFO01,FO Kasulu 01,-4.563869,30.095747,Open,Tanzania,office,009-8084D
Ethiopia_ETHDSSOFU01_FU Dessie 01,ETHDSSOFU01,FU Dessie 01,11.147778,39.645556,Open,Ethiopia,office,009-80828
Tanzania_TZAKGOOSO01_SO Kigoma 01,TZAKGOOSO01,SO Kigoma 01,-4.883292,29.621839,Open,Tanzania,office,009-8084D
Tanzania_TZAKBDOFO01_FO Kibondo 01,TZAKBDOFO01,FO Kibondo 01,3.592929,30.717752,Open,Tanzania,office,009-8084D
Tanzania_TZADODOFU01_FU Dodoma 01,TZADODOFU01,FU Dodoma 01,-6.155918,35.762619,Open,Tanzania,office,009-8084D
Ethiopia_ETHKEBOFU01_FU Kebribeyah 01,ETHKEBOFU01,FU Kebribeyah 01,9.1007,43.175479,Open,Ethiopia,office,009-8082D
Tanzania_TZADAROCO01_CO Dar Es Salam 01,TZADAROCO01,CO Dar Es Salam 01,-6.750129,39.279035,Open,Tanzania,office,009-8084D
Turkiye_TURVANOFO01_FO Van 01,TURVANOFO01,FO Van 01,38.499361,43.386901,Open,Turkiye,office,009-8084D
Turkiye_TURSNLOFO01_FO Sanliurfa 01,TURSNLOFO01,FO Sanliurfa 01,37.159314,38.792963,Open,Turkiye,office,009-8084D
Turkiye_TURIZMOFO01_FO Izmir 01,TURIZMOFO01,FO Izmir 01,38.426558,27.133784,Open,Turkiye,office,009-8084D
Turkiye_TURISTOFO02_FO Istanbul 02,TURISTOFO02,FO Istanbul 02,41.069788,29.00898,Open,Turkiye,office,009-8084D
Somalia_SOMBAIOFU01_FU Baidoa 01,SOMBAIOFU01,FU Baidoa 01,3.102875,43.632891,Open,Somalia,office,009-8084D
Turkiye_TURISTOFO01_FO Istanbul 01,TURISTOFO01,FO Istanbul 01,41.036641,28.991714,Closed,Turkiye,office,009-8084D
Turkiye_TURISTOFO01_FO Istanbul 01,TURISTOFO01,FO Istanbul 01,41.036641,28.991714,Open,Turkiye,office,009-8084D
Turkiye_TURGAZOFO01_FO Gaziantep 01,TURGAZOFO01,FO Gaziantep 01,37.090896,37.345514,Open,Turkiye,office,009-8084D
Turkiye_TURANKOSO02_SO Ankara 02,TURANKOSO02,SO Ankara 02,39.871961,32.863269,Open,Turkiye,office,009-8084D
Turkiye_TURANKOSO01_SO Ankara 01,TURANKOSO01,SO Ankara 01,39.851386,32.847293,Open,Turkiye,office,009-8084D
Turkiye_TURANKOCO01_CO Ankara 01,TURANKOCO01,CO Ankara 01,39.894303,32.855259,Open,Turkiye,office,009-8084D
Chad_TCDBALOSO01_SO Baga Sola 01,TCDBALOSO01,SO Baga Sola 01,13.53228,14.32862,Open,Chad,office,009-8084D
Tunisia_TUNZAROFO01_FO Zarzis 01,TUNZAROFO01,FO Zarzis 01,33.586881,11.071141,Open,Tunisia,office,009-8084D
Chad_TCDAM OFO01_FO Am Djarass 01,TCDAM OFO01,FO Am Djarass 01,16.07345,22.83398,Open,Chad,office,009-8084D
Tunisia_TUNTNSOCO01_CO Tunis 01,TUNTNSOCO01,CO Tunis 01,36.832289,10.235672,Open,Tunisia,office,009-8084D
Somalia_SOMBOSOFO01_FO Bossaso 01,SOMBOSOFO01,FO Bossaso 01,11.270944,49.17683,Open,Somalia,office,009-8084D
Thailand_THAMAEOFO01_FO Mae Hong Son 01,THAMAEOFO01,FO Mae Hong Son 01,19.30145,97.96974,Open,Thailand,office,009-8084D
Thailand_THABANORB01_RB Bangkok 01,THABANORB01,RB Bangkok 01,13.738759,100.54732,Open,Thailand,office,009-8084D
Syria_SYRQAMOSO02_SO Qamishli 02,SYRQAMOSO02,SO Qamishli 02,37.046437,41.218063,Open,Syria,office,009-8084D
Thailand_THABANOMC01_MC Bangkok 01,THABANOMC01,MC Bangkok 01,13.76343,100.50814,Open,Thailand,office,009-8084D
Syria_SYRQAMOSO01_SO Qamishli 01,SYRQAMOSO01,SO Qamishli 01,37.046563,41.221312,Open,Syria,office,009-8084D
Togo_TGOLOMONO01_NO Lome 01,TGOLOMONO01,NO Lome 01,6.15255,1.233028,Open,Togo,office,009-8084D
Chad_TCDNDJOCO01_CO NDjamena 01,TCDNDJOCO01,CO NDjamena 01,12.09686,15.06719,Open,Chad,office,009-8084D
Chad_TCDNDJOCO01_CO NDjamena 01,TCDNDJOCO01,CO NDjamena 01,12.09686,15.06719,Closed,Chad,office,009-8084D
Chad_TCDMROOFO01_FO Maro 01,TCDMROOFO01,FO Maro 01,9.30647,17.71647,Open,Chad,office,009-8084D
Chad_TCDMOIOFO01_FO Moissala 01,TCDMOIOFO01,FO Moissala 01,8.364449,17.76081,Open,Chad,office,009-8084D
Chad_TCDIRIOFO01_FO Iriba 01,TCDIRIOFO01,FO Iriba 01,15.12694,22.247823,Open,Chad,office,009-8084D
Chad_TCDIRIGGH01_GH Iriba 01,TCDIRIGGH01,GH Iriba 01,15.13017,22.246833,Open,Chad,office,009-8084D
Syria_SYRDAMOCO01_CO Damascus 01 (KS2),SYRDAMOCO01,CO Damascus 01 (KS2),33.49723,36.28275,Open,Syria,office,009-8084D
Chad_TCDHHDOFO01_FO Hadjer Hadid 01,TCDHHDOFO01,FO Hadjer Hadid 01,13.64944,21.58398,Open,Chad,office,009-8084D
Chad_TCDHAROFO01_FO Haraze 01,TCDHAROFO01,FO Haraze 01,9.94899,20.90527,Open,Chad,office,009-8084D
Chad_TCDGUEOFO01_FO Guereda 01,TCDGUEOFO01,FO Guereda 01,15.454166,18.732207,Open,Chad,office,009-8084D
Chad_TCDGOZOFO01_FO Goz Beida 01,TCDGOZOFO01,FO Goz Beida 01,12.216719,21.41675,Open,Chad,office,009-8084D
Chad_TCDGOROSO01_SO Gore 01,TCDGOROSO01,SO Gore 01,7.934243,16.637053,Open,Chad,office,009-8084D
Chad_TCDFAROFO01_FO Farchana 01,TCDFAROFO01,FO Farchana 01,13.578282,21.825137,Open,Chad,office,009-8084D
Peru_PERTACOFU01_FU Tacna 01,PERTACOFU01,FU Tacna 01,-18.00676,-70.23609,Open,Peru,office,009-807D6
Chad_TCDBOLOFU01_FU Bol 01,TCDBOLOFU01,FU Bol 01,13.46647,14.7168,Open,Chad,office,009-8084D
Chad_TCDABEOSO02_SO Abeche 02,TCDABEOSO02,SO Abeche 02,13.823321,20.830353,Open,Chad,office,009-8084D
Chad_TCDABEOSO01_SO Abeche 01,TCDABEOSO01,SO Abeche 01,13.823284,20.830414,Open,Chad,office,009-8084D
Philippines_PHLMNLONO01_NO Manila 01,PHLMNLONO01,NO Manila 01,14.55691,121.01618,Open,Philippines,office,009-80A52
Syria_SYRTAROFO01_FO Tartous 01,SYRTAROFO01,FO Tartous 01,34.86096,35.904184,Open,Syria,office,009-8084D
Peru_PERTUMOFO01_FO Tumbes 01,PERTUMOFO01,FO Tumbes 01,-3.57059,-80.45995,Open,Peru,office,009-80A52
Somalia_SOMMOGOCO01_CO Mogadishu 01,SOMMOGOCO01,CO Mogadishu 01,2.091829,45.382928,Open,Somalia,office,009-8084D
Syria_SYRSWDOFO02_FO Sweida 02,SYRSWDOFO02,FO Sweida 02,32.723808,36.579384,Open,Syria,office,009-8084D
Somalia_SOMKSMOFO01_FO Kismaayo 01,SOMKSMOFO01,FO Kismaayo 01,-0.387005,42.460401,Open,Somalia,office,009-8084D
Syria_SYRDAMOCO02_CO Damascus 02 (KS3),SYRDAMOCO02,CO Damascus 02 (KS3),33.49723,36.28275,Open,Syria,office,009-8084D
Syria_SYRALPOSO01_SO Aleppo 01,SYRALPOSO01,SO Aleppo 01,36.213511,37.116524,Open,Syria,office,009-8084D
Slovenia_SVNLJBOCO01_CO Ljubljana 01,SVNLJBOCO01,CO Ljubljana 01,46.05021,14.5008,Open,Slovenia,office,009-8084D
Colombia_COLBRQOFO01_FO Barranquilla 01,COLBRQOFO01,FO Barranquilla 01,10.997962,-74.799269,Open,Colombia,office,"009-80A35,009-80A48"
Slovakia_SVKKSCOFO01_FO Kosice 01,SVKKSCOFO01,FO Kosice 01,48.71847,21.247641,Open,Slovakia,office,009-8084D
Slovakia_SVKBTSONO01_NO Bratislava 01,SVKBTSONO01,NO Bratislava 01,48.147793,17.099687,Open,Slovakia,office,009-8084D
South Sudan_SSDYEIOFO01_FO Yei 01,SSDYEIOFO01,FO Yei 01,4.084,30.662,Open,South Sudan,office,009-8084D
South Sudan_SSDYDAOFO01_FO Yida 01,SSDYDAOFO01,FO Yida 01,10.1033,30.09,Open,South Sudan,office,009-8084D
Nigeria_NGACLBOFO02_FO Calabar 02,NGACLBOFO02,FO Calabar 02,4.987314,8.336955,Open,Nigeria,office,"009-80A9C,009-80B76"
South Sudan_SSDYAMOFO01_FO Yambio 01,SSDYAMOFO01,FO Yambio 01,4.566,28.396,Open,South Sudan,office,009-8084D
South Sudan_SSDWAUOFO01_FO Wau 01,SSDWAUOFO01,FO Wau 01,7.71052,28.030215,Open,South Sudan,office,009-8084D
Nigeria_NGACLBOFO01_FO Calabar 01,NGACLBOFO01,FO Calabar 01,4.98559,8.33419,Closed,Nigeria,office,"009-80A9C,009-80B76"
South Sudan_SSDTOTOFO01_FO Torit 01,SSDTOTOFO01,FO Torit 01,4.402801,32.591799,Open,South Sudan,office,009-8084D
South Sudan_SSDMALOFO01_FO Malakal 01,SSDMALOFO01,FO Malakal 01,9.549,31.648,Open,South Sudan,office,009-8084D
South Sudan_SSDJUBOCO01_CO Juba 01,SSDJUBOCO01,CO Juba 01,4.8511,31.5978,Open,South Sudan,office,009-8084D
South Sudan_SSDJAMOSO01_SO Jam Jang 01,SSDJAMOSO01,SO Jam Jang 01,9.9262,30.2913,Open,South Sudan,office,009-8084D
South Sudan_SSDBOROFO01_FO Bor 01,SSDBOROFO01,FO Bor 01,6.2272,31.5673,Open,South Sudan,office,009-8084D
South Sudan_SSDBNTOFO01_FO Bentiu 01,SSDBNTOFO01,FO Bentiu 01,9.253,29.7882,Open,South Sudan,office,009-8084D
South Sudan_SSDBNJOSO01_SO Bunj 01,SSDBNJOSO01,SO Bunj 01,9.9596,33.6962,Open,South Sudan,office,009-8084D
Serbia_SRBPRSOFU01_FU Presevo 01,SRBPRSOFU01,FU Presevo 01,42.301334,21.683063,Open,Serbia,office,009-8084D
Mexico_MEXTUXOSO01_SO Tuxtla Gutierrez 01,MEXTUXOSO01,SO Tuxtla Gutierrez 01,16.752906,-93.143725,Open,Mexico,office,009-809F9
Somalia_SOMHRGOSO01_SO Hargeysa 01,SOMHRGOSO01,SO Hargeysa 01,9.52262,44.07182,Open,Somalia,office,009-8084D
Somalia_SOMGRWOFU01_FU Garoowe 01,SOMGRWOFU01,FU Garoowe 01,8.400143,48.468516,Open,Somalia,office,009-8084D
Somalia_SOMGAAOSO01_SO Gaalkacyo 01,SOMGAAOSO01,SO Gaalkacyo 01,6.81483,47.426852,Open,Somalia,office,009-8084D
Somalia_SOMDOLOFU01_FU Dollow 01,SOMDOLOFU01,FU Dollow 01,4.159165,42.078553,Open,Somalia,office,009-8084D
Romania_ROUBUCOCO02_CO Bucharest 02,ROUBUCOCO02,CO Bucharest 02,44.468762,26.091359,Open,Romania,office,009-80A52
Somalia_SOMDHOOFU01_FU Dhobley 01,SOMDHOOFU01,FU Dhobley 01,0.407586,40.999061,Open,Somalia,office,009-8084D
Somalia_SOMBRBOFU01_FU Berbera 01,SOMBRBOFU01,FU Berbera 01,10.423641,45.010622,Open,Somalia,office,009-8084D
El Salvador_SLVSNVOCO01_CO San Salvador 01,SLVSNVOCO01,CO San Salvador 01,13.687136,-89.144438,Open,El Salvador,office,009-8084D
Senegal_SENDAKORB01_RB Dakar 01,SENDAKORB01,RB Dakar 01,14.7397,-17.51539,Open,Senegal,office,009-8084D
Senegal_SENDAKOMC01_MC Dakar 01,SENDAKOMC01,MC Dakar 01,14.702476,17.475589,Open,Senegal,office,009-8084D
Poland_POLWAROCO01_CO Warsaw 01,POLWAROCO01,CO Warsaw 01,52.22296,21.03731,Open,Poland,office,009-80A52
Sudan_SDNWHFOFU01_FU Wadi Halfa 01,SDNWHFOFU01,FU Wadi Halfa 01,21.79368,31.36939,Open,Sudan,office,009-8084D
Sudan_SDNKSTOSO01_SO Kosti 01,SDNKSTOSO01,SO Kosti 01,13.142563,32.674959,Open,Sudan,office,009-8084D
Poland_POLLUBOFO01_FO Lublin 01,POLLUBOFO01,FO Lublin 01,51.29904,22.59458,Open,Poland,office,009-80A52
Sudan_SDNKRTOCO01_CO Khartoum 01,SDNKRTOCO01,CO Khartoum 01,15.585012,32.539921,Closed,Sudan,office,009-8084D
Sudan_SDNKEGOFO01_FO Khashm El Girba 01,SDNKEGOFO01,FO Khashm El Girba 01,14.958055,35.89573,Open,Sudan,office,009-8084D
Sudan_SDNKASOSO01_SO Kassala 01,SDNKASOSO01,SO Kassala 01,15.473318,36.40819,Open,Sudan,office,009-8084D
Sudan_SDNKADOSO01_SO Kadugli 01,SDNKADOSO01,SO Kadugli 01,11.011493,29.71318,Open,Sudan,office,009-8084D
Sudan_SDNGEDOSO01_SO Gedaref 01,SDNGEDOSO01,SO Gedaref 01,14.04598,35.388811,Open,Sudan,office,009-8084D
Sudan_SDNEOBOFU01_FU El Obeid 01,SDNEOBOFU01,FU El Obeid 01,13.189136,30.238452,Closed,Sudan,office,009-8084D
Sudan_SDNEFUOFO01_FO EL Fula 01,SDNEFUOFO01,FO EL Fula 01,11.71361,28.347745,Closed,Sudan,office,009-8084D
Panama_PANPCTORB02_RB Panama City 02,PANPCTORB02,RB Panama City 02,8.996113,-79.580458,Open,Panama,office,"009-80865,009-80868"
Romania_ROUSUCOFO01_FO Suceava 01,ROUSUCOFO01,FO Suceava 01,47.652905,26.252202,Open,Romania,office,009-80A52
Sudan_SDNDMZOFO01_FO Damazine 01,SDNDMZOFO01,FO Damazine 01,11.791455,34.344304,Open,Sudan,office,009-8084D
Romania_ROUIASOFU01_FU Iasi 01,ROUIASOFU01,FU Iasi 01,47.1594,27.58732,Closed,Romania,office,009-80A52
Rwanda_RWAKIBOFO01_FO Kibuye 01,RWAKIBOFO01,FO Kibuye 01,-2.073207,29.336516,Open,Rwanda,office,009-8084D
Sudan_SDNABJOFU01_FU Abu Jubaiha 01,SDNABJOFU01,FU Abu Jubaiha 01,11.45723,31.230461,Closed,Sudan,office,009-8084D
Russia_RUSMOSOCO01_CO Moscow 01,RUSMOSOCO01,CO Moscow 01,55.759113,37.602453,Open,Russia,office,009-80A52
Saudi Arabia_SAURIYOMC01_MC Riyadh 01,SAURIYOMC01,MC Riyadh 01,24.67413,46.6299,Open,Saudi Arabia,office,009-8084D
Romania_ROUTIMOFU02_FU Timisoara 02,ROUTIMOFU02,FU Timisoara 02,45.779519,21.227652,Open,Romania,office,009-80A52
Rwanda_RWANYMOFO01_FO Nyamata 01,RWANYMOFO01,FO Nyamata 01,-2.146056,30.094397,Closed,Rwanda,office,009-8084D
Rwanda_RWAKRHOSO01_SO Kirehe 01,RWAKRHOSO01,SO Kirehe 01,-2.275252,30.664189,Open,Rwanda,office,009-8084D
Rwanda_RWAKIGOCO02_CO Kigali 02,RWAKIGOCO02,CO Kigali 02,1,1,Open,Rwanda,office,009-8084D
Romania_ROUBUCOCO01_CO Bucharest 01,ROUBUCOCO01,CO Bucharest 01,44.464666,26.083233,Open,Romania,office,009-80A52
Mali_MLIMOPOFO01_FO Mopti 01,MLIMOPOFO01,FO Mopti 01,14.4893,-4.1933,Open,Mali,office,009-8088D
Poland_POLWAROFO01_FO Warsaw 01,POLWAROFO01,FO Warsaw 01,52.22311,21.03731,Open,Poland,office,009-80A52
Malta_MLTVALOCO01_CO Valetta 01,MLTVALOCO01,CO Valetta 01,35.898387,14.497834,Open,Malta,office,009-8089E
Qatar_QATDOHOCO01_CO Doha 01,QATDOHOCO01,CO Doha 01,25.403497,51.511587,Open,Qatar,office,009-80A52
Poland_POLWAROFO01_FO Warsaw 01,POLWAROFO01,FO Warsaw 01,52.247109,21.060877,Closed,Poland,office,009-80A52
Mali_MLITOMOFO01_FO Tombouctou 01,MLITOMOFO01,FO Tombouctou 01,16.757463,-3.004792,Open,Mali,office,009-8089E
Peru_PERLIMOCO01_CO Lima 01,PERLIMOCO01,CO Lima 01,-12.11879,-77.04335,Open,Peru,office,009-8079A
Nigeria_NGAMIDWCC01_CC Maiduguri 01,NGAMIDWCC01,CC Maiduguri 01,11.84988,13.140595,Open,Nigeria,office,009-80AA2
Peru_PERLIMOFO01_FO Lima 01,PERLIMOFO01,FO Lima 01,-12.07653,-77.06735,Open,Peru,office,009-807D7
Nigeria_NGACLBOFO01_FO Calabar 01,NGACLBOFO01,FO Calabar 01,4.985595,8.334196,Open,Nigeria,office,"009-80A9C,009-80B76"
Panama_PANPCTORB01_RB Panama City 01,PANPCTORB01,RB Panama City 01,8.96501,-79.58136,Open,Panama,office,009-80869
Pakistan_PAKDALOFO01_FO Dalbandin 01,PAKDALOFO01,FO Dalbandin 01,28.887844,64.405813,Open,Pakistan,office,"009-80DE3,009-80DE7"
Pakistan_PAKKOHOFU01_FU Kohat 01,PAKKOHOFU01,FU Kohat 01,33.604391,71.463101,Open,Pakistan,office,"009-80A4D,009-80DFC"
Pakistan_PAKCHAOFU01_FU Chaman 01,PAKCHAOFU01,FU Chaman 01,30.953057,66.438825,Open,Pakistan,office,009-807B4
Nigeria_NGAADKOFU01_FU Adikpo 01,NGAADKOFU01,FU Adikpo 01,6.90467,9.23589,Closed,Nigeria,office,009-80AAF
Nigeria_NGAMIDOSO01_SO Maiduguri 01,NGAMIDOSO01,SO Maiduguri 01,11.813766,13.134729,Open,Nigeria,office,009-80AA2
Niger_NERTILOSO01_SO Tillaberi 01,NERTILOSO01,SO Tillaberi 01,14.19688,1.466393,Open,Niger,office,009-808B9
Malawi_MWILILOCO01_CO Lilongwe 01,MWILILOCO01,CO Lilongwe 01,13.952962,33.777525,Open,Malawi,office,009-80755
Nigeria_NGAGEMOFU01_FU Gembu 01,NGAGEMOFU01,FU Gembu 01,6.71559,11.26276,Open,Nigeria,office,"009-80A9C,009-80B76"
Nigeria_NGAGEMOFU01_FU Gembu 01,NGAGEMOFU01,FU Gembu 01,6.71559,11.26276,Closed,Nigeria,office,"009-80A9C,009-80B76"
Nigeria_NGALGSOFO01_FO Lagos 01,NGALGSOFO01,FO Lagos 01,6.443565,3.410338,Open,Nigeria,office,009-80A9E
Niger_NERDIFOSO01_SO Diffa 01,NERDIFOSO01,SO Diffa 01,13.322385,12.606372,Open,Niger,office,"009-80B62,009-80E26"
Nigeria_NGACLBOFO01_FO Calabar 01,NGACLBOFO01,FO Calabar 01,4.98559,8.33419,Open,Nigeria,office,"009-80A9C,009-80B76"
Nigeria_NGAADKOFU01_FU Adikpo 01,NGAADKOFU01,FU Adikpo 01,6.90467,9.23589,Open,Nigeria,office,009-80AAF
Niger_NERTAHOFO01_FO Tahoua 01,NERTAHOFO01,FO Tahoua 01,14.885317,5.292669,Open,Niger,office,009-808BA
Myanmar_MMRNAYOLO01_LO Nay Pyi Taw 01,MMRNAYOLO01,LO Nay Pyi Taw 01,19.72682,96.07529,Open,Myanmar,office,009-8087F
Niger_NERMRDOSO01_SO Maradi 01,NERMRDOSO01,SO Maradi 01,13.29246,7.07304,Open,Niger,office,009-808BB
Myanmar_MMRMYIOFO01_FO Myitkyina 01,MMRMYIOFO01,FO Myitkyina 01,25.398298,97.377503,Open,Myanmar,office,009-8087F
Mauritania_MRTNOUOFU01_FU Nouadhibou 01,MRTNOUOFU01,FU Nouadhibou 01,20.91354,-17.05071,Open,Mauritania,office,009-808F4
Niger_NERMDUOFU01_FU Madaoua 01,NERMDUOFU01,FU Madaoua 01,14.073264,5.950064,Open,Niger,office,"009-80B62,009-80E26"
Niger_NERABAOFO01_FO Abala 01,NERABAOFO01,FO Abala 01,14.921223,3.432929,Open,Niger,office,009-80896
Myanmar_MMRBHOOFU01_FU Bhomo 01,MMRBHOOFU01,FU Bhomo 01,24.145105,97.141516,Open,Myanmar,office,009-8085E
Niger_NERAGAOSO01_SO Agadez 01,NERAGAOSO01,SO Agadez 01,16.987063,8.006063,Open,Niger,office,009-80887
Malawi_MWIDZLOCO01_CO Dzaleka 01,MWIDZLOCO01,CO Dzaleka 01,13.662089,33.895554,Open,Malawi,office,"009-809F4,009-80DA5"
Mauritania_MRTNUAOCO01_CO Nouakchott 01,MRTNUAOCO01,CO Nouakchott 01,18.09193,-15.97248,Open,Mauritania,office,009-80DD2
Malawi_MWIKAROFU01_FU Karoga 01,MWIKAROFU01,FU Karoga 01,9.940051,33.919109,Open,Malawi,office,009-80756
Myanmar_MMRPKKOFU01_FU Pakokku 01,MMRPKKOFU01,FU Pakokku 01,21.201651,95.32921,Closed,Myanmar,office,009-8087F
Mali_MLIBMKOCO01_CO Bamako 01,MLIBMKOCO01,CO Bamako 01,12.618307,-7.978059,Open,Mali,office,009-8089D
Myanmar_MMRMAUOSO01_SO Maungdaw 01,MMRMAUOSO01,SO Maungdaw 01,20.829961,92.405204,Open,Myanmar,office,009-808A9
Mali_MLIGAOOSO01_SO Gao 01,MLIGAOOSO01,SO Gao 01,16.261339,-0.03276,Open,Mali,office,009-808FB
Mali_MLIMENOFO01_FO Menaka 01,MLIMENOFO01,FO Menaka 01,15.920223,2.39617,Open,Mali,office,009-808FB
Republic of North Macedonia_MKDSKOOCO01_CO Skopje 01,MKDSKOOCO01,CO Skopje 01,42.000077,21.387089,Open,Republic of North Macedonia,office,"009-8095F,009-80960"
Mexico_MEXVLHOFU01_FU Villahermosa 01,MEXVLHOFU01,FU Villahermosa 01,17.994436,92.927709,Open,Mexico,office,009-809F9
Mexico_MEXTIJOFO01_FO Tijuana 01,MEXTIJOFO01,FO Tijuana 01,32.52456,-117.014948,Open,Mexico,office,009-809FB
Republic of North Macedonia_MKDSKOOCO02_CO Skopje 02,MKDSKOOCO02,CO Skopje 02,42.000207,21.387594,Open,Republic of North Macedonia,office,009-80966
Liberia_LBRZWDOFO01_FO Zwedru 01,LBRZWDOFO01,FO Zwedru 01,6.3013,8.3103,Closed,Liberia,office,009-808B5
Mexico_MEXMNTOSO01_SO Monterrey 01,MEXMNTOSO01,SO Monterrey 01,25.671078,-100.310704,Open,Mexico,office,009-809EE
Mexico_MEXSILOFU01_FU Silao 01,MEXSILOFU01,FU Silao 01,20.93489,-101.426432,Closed,Mexico,office,009-80AFE
Liberia_LBRSACOFU01_FU Saclepea 01,LBRSACOFU01,FU Saclepea 01,9.6493,26.3672,Closed,Liberia,office,009-808B5
Mexico_MEXSALOFU02_FU Saltillo 02,MEXSALOFU02,FU Saltillo 02,25.390317,-101.01319,Open,Mexico,office,009-80AFE
Mexico_MEXSLPOFU01_FU San Luis Potosi 01,MEXSLPOFU01,FU San Luis Potosi 01,22.189379,-100.991287,Open,Mexico,office,009-80AFE
Iraq_IRQSULOFO01_FO Sulaymaniyah 01,IRQSULOFO01,FO Sulaymaniyah 01,35.5755,45.4674,Open,Iraq,office,009-80A9B
Mexico_MEXCIUOFO01_FO Ciudad Juarez 01,MEXCIUOFO01,FO Ciudad Juarez 01,31.74542,-106.448411,Open,Mexico,office,009-809FF
Mexico_MEXMXCOCO01_CO Mexico City 01,MEXMXCOCO01,CO Mexico City 01,19.431236,-99.180765,Open,Mexico,office,009-80876
Japan_JPNTOKOCO01_CO Tokyo 01,JPNTOKOCO01,CO Tokyo 01,35.6657,139.7178,Open,Japan,office,"009-80888,009-80AFF,009-80B28,009-80B63"
Jordan_JORMAFOSO02_SO Mafraq 02,JORMAFOSO02,SO Mafraq 02,32.30289,36.32725,Open,Jordan,office,009-80982
Republic of Moldova_MDACSUOCO01_CO Chisinau 01,MDACSUOCO01,CO Chisinau 01,47.026119,28.82324,Open,Republic of Moldova,office,009-80858
Mexico_MEXGUAOFU01_FU Guadalajara 01,MEXGUAOFU01,FU Guadalajara 01,20.670673,-103.375209,Open,Mexico,office,009-809EF
Jordan_JORAZROFO01_FO Azraq 01,JORAZROFO01,FO Azraq 01,31.912547,36.56386,Open,Jordan,office,009-808F7
Liberia_LBRMNROCO01_CO Monrovia 01,LBRMNROCO01,CO Monrovia 01,6.2951,10.7942,Open,Liberia,office,009-808B5
Jordan_JORAMMORB01_RB Amman 01,JORAMMORB01,RB Amman 01,31.952284,35.891215,Open,Jordan,office,009-80847
Jordan_JORAMMOCO02_CO Amman 02,JORAMMOCO02,CO Amman 02,31.995845,35.841366,Open,Jordan,office,009-80A37
Republic of Moldova_MDAOCIOFU01_FU Otaci 01,MDAOCIOFU01,FU Otaci 01,48.441655,27.789173,Open,Republic of Moldova,office,009-80858
Jordan_JORAMMOCO01_CO Amman 01,JORAMMOCO01,CO Amman 01,31.996123,35.84025,Open,Jordan,office,009-80A37
Italy_ITATRSOFU01_FU Trieste 01,ITATRSOFU01,FU Trieste 01,45.64615,13.76042,Open,Italy,office,"009-80873,009-808E5"
Greece_GRCOREOFU01_FU Orestiada 01,GRCOREOFU01,FU Orestiada 01,41.504789,26.533555,Open,Greece,office,009-8097E
Italy_ITAROMOMC01_MC Rome 01,ITAROMOMC01,MC Rome 01,41.89431,12.50265,Open,Italy,office,"009-80873,009-808E5"
Lebanon_LBNTRIOSO01_SO Tripoli 01,LBNTRIOSO01,SO Tripoli 01,34.434639,35.825793,Open,Lebanon,office,"009-809F5,009-80AC1,009-80AC9,009-80B00,009-80DD3,009-80DD4,009-80DD6,009-80DDB"
Libya_LBYBGZOSO01_SO Benghazi 01,LBYBGZOSO01,SO Benghazi 01,32.064495,20.067346,Open,Libya,office,009-808B5
Kenya_KENDADOSO01_SO Dadaab 01,KENDADOSO01,SO Dadaab 01,0.04762,40.31204,Open,Kenya,office,009-8085C
Indonesia_IDNPEKOFO01_FO Pekanbaru 01,IDNPEKOFO01,FO Pekanbaru 01,0.463679,101.400993,Open,Indonesia,office,"009-80856,009-80DA2"
Lebanon_LBNZAHOSO01_SO Zahleh 01,LBNZAHOSO01,SO Zahleh 01,33.83753,35.921651,Open,Lebanon,office,"009-80A01,009-80ACC"
Iraq_IRQSULOFO02_FO Sulaymaniyah 02,IRQSULOFO02,FO Sulaymaniyah 02,35.559548,45.416862,Open,Iraq,office,009-80A9B
Kazakhstan_KAZALMOMC01_MC Almaty 01,KAZALMOMC01,MC Almaty 01,43.803686,77.727747,Open,Kazakhstan,office,009-80781
Kenya_KENHAGOFU01_FU Hagadera 01,KENHAGOFU01,FU Hagadera 01,0.01156,40.369502,Open,Kenya,office,009-80A53
Kenya_KENDAGOFU01_FU Dagahaley 01,KENDAGOFU01,FU Dagahaley 01,0.186478,40.293749,Open,Kenya,office,009-80A24
Serbia_SRBBLGOCO01_CO Belgrade 01,SRBBLGOCO01,CO Belgrade 01,44.816651,20.420965,Open,Serbia,office,009-8084D
Kenya_KENIFFOFU01_FU IFO II 01,KENIFFOFU01,FU IFO II 01,0.149891,40.308128,Open,Kenya,office,009-80DA4
Kazakhstan_KAZASTONO01_NO Astana 01,KAZASTONO01,NO Astana 01,51.161226,71.424612,Open,Kazakhstan,office,009-80822
Hungary_HUNBUDOHQ02_HQ Budapest 02,HUNBUDOHQ02,HQ Budapest 02,47.53482,19.05978,Open,Hungary,office,"009-808E3,009-80901,009-80902,009-8090A,009-8090B,009-8090C,009-80915,009-80916,009-8093B"
Hungary_HUNBUDOHQ01_HQ Budapest 01,HUNBUDOHQ01,HQ Budapest 01,47.52011,19.055035,Open,Hungary,office,009-80B22
Iran_IRNDOGOFU01_FU Dogharoun 01,IRNDOGOFU01,FU Dogharoun 01,34.71383,60.994324,Open,Iran,office,009-808BE
Ireland_IRLDUBONO01_NO Dublin 01,IRLDUBONO01,NO Dublin 01,53.33245,-6.23727,Open,Ireland,office,009-80833
Guatemala_GTMHUEOFU01_FU Huehuetenango 01,GTMHUEOFU01,FU Huehuetenango 01,15.320267,-91.473956,Open,Guatemala,office,"009-80AB7,009-80AE6,009-80AEE"
Iraq_IRQSULOFU01_FU Sulaymaniyah 01,IRQSULOFU01,FU Sulaymaniyah 01,35.497475,45.385208,Open,Iraq,office,009-80A9B
Guatemala_GTMGUCOCO04_CO Guatemala city 04,GTMGUCOCO04,CO Guatemala city 04,14.606307,-90.514593,Open,Guatemala,office,"009-80AB7,009-80AE6,009-80AEE"
France_FRAPAROCO01_CO Paris 01,FRAPAROCO01,CO Paris 01,48.882126,2.307687,Open,France,office,009-80952
Ethiopia_ETHTIEOSO01_SO Tierkidi 01,ETHTIEOSO01,SO Tierkidi 01,8,34,Open,Ethiopia,office,"009-80829,009-8082C"
Ethiopia_ETHMAYOFU01_FU Maychew 01,ETHMAYOFU01,FU Maychew 01,12.782244,39.538962,Closed,Ethiopia,office,009-8082D
Ethiopia_ETHSHKOFU01_FU Sherkole 01,ETHSHKOFU01,FU Sherkole 01,10.37022,34.612825,Open,Ethiopia,office,"009-80829,009-8082C"
Hong Kong_HKGHONOSO01_SO Hong Kong 01,HKGHONOSO01,SO Hong Kong 01,22.308279,114.171699,Open,Hong Kong,office,009-80AC3
Ethiopia_ETHSHIOSO01_SO Shire 01,ETHSHIOSO01,SO Shire 01,14.103126,38.286711,Open,Ethiopia,office,009-80B38
Guyana_GUYGERONO01_NO Georgetown 01,GUYGERONO01,NO Georgetown 01,6.822319,-58.16141,Open,Guyana,office,009-80AC3
Colombia_COLAPAOFO01_FO Apartado 01,COLAPAOFO01,FO Apartado 01,7.884832,-76.637044,Open,Colombia,office,009-80A3D
Honduras_HNDOCOOFU01_FU Ocotepeque 01,HNDOCOOFU01,FU Ocotepeque 01,14.442729,-89.186041,Open,Honduras,office,009-80B17
Azerbaijan_AZEBAKOCO01_CO Baku 01,AZEBAKOCO01,CO Baku 01,40.41066,49.87222,Open,Azerbaijan,office,009-80DC6
Burkina Faso_BFAOUAONO01_NO Ouagadougou 01,BFAOUAONO01,NO Ouagadougou 01,12.366062,-1.544062,Open,Burkina Faso,office,009-8083E
Canada_CANOTTOCO01_CO Ottawa 01,CANOTTOCO01,CO Ottawa 01,45.419187,-75.701563,Open,Canada,office,009-80B37
Afghanistan_AFGKABOCO01_CO Kabul 01,AFGKABOCO01,CO Kabul 01,34.551667,69.232139,Open,Afghanistan,office,"009-80890,009-80891"
Ivory Coast_CIVBNAOFU01_FU Bouna 01,CIVBNAOFU01,FU Bouna 01,9.269786,-3.004711,Open,Ivory Coast,office,009-807B3
Ivory Coast_CIVFRKOFO01_FO Ferkessedougou 01,CIVFRKOFO01,FO Ferkessedougou 01,9.580142,-5.2077,Open,Ivory Coast,office,009-807B3
Central African Republic_CAFBNGOCO01_CO Bangui 01,CAFBNGOCO01,CO Bangui 01,4.368076,18.553262,Open,Central African Republic,office,009-80889
Brazil_BRABRSOCO01_CO Brasilia 01,BRABRSOCO01,CO Brasilia 01,-15.786723,-47.889001,Open,Brazil,office,009-807B5
Ethiopia_ETHGWHOFU01_FU Genda Wuha 01,ETHGWHOFU01,FU Genda Wuha 01,12.781583,36.404716,Open,Ethiopia,office,009-80B85
Ethiopia_ETHHILOSO01_SO Hilaweyn 01,ETHHILOSO01,SO Hilaweyn 01,4.369142,41.860889,Open,Ethiopia,office,009-80B85
Ethiopia_ETHJEWOSO01_SO Jewi 01,ETHJEWOSO01,SO Jewi 01,8.155518,34.699176,Open,Ethiopia,office,009-80B85
Ethiopia_ETHJIJOSO01_SO Jijiga 01,ETHJIJOSO01,SO Jijiga 01,9.345648,42.816885,Open,Ethiopia,office,009-80826
Ethiopia_ETHKOBOSO01_SO Kobe 01,ETHKOBOSO01,SO Kobe 01,4.4813,41.748319,Open,Ethiopia,office,009-8082D
Ethiopia_ETHKULOSO01_SO Kule 01,ETHKULOSO01,SO Kule 01,8.282622,34.248633,Open,Ethiopia,office,009-8082D
Ethiopia_ETHMEKOSO02_SO Mekelle 02,ETHMEKOSO02,SO Mekelle 02,13.517012,39.455334,Open,Ethiopia,office,009-8082D
Ethiopia_ETHMELOSO01_SO Melkadida 01,ETHMELOSO01,SO Melkadida 01,4.527936,41.734644,Open,Ethiopia,office,009-80827
Ethiopia_ETHNGUOSO01_SO Nguenyyiel 01,ETHNGUOSO01,SO Nguenyyiel 01,8.303164,34.3251,Open,Ethiopia,office,009-80827
Ethiopia_ETHNKMOFO01_FO Nekemte 01,ETHNKMOFO01,FO Nekemte 01,1,2,Open,Ethiopia,office,009-80827
Ethiopia_ETHOKUOFO01_FO Okugo 01,ETHOKUOFO01,FO Okugo 01,6.493585,35.131709,Open,Ethiopia,office,009-80827
Ethiopia_ETHPUGOFO01_FO Pugnido 01,ETHPUGOFO01,FO Pugnido 01,7.647978,34.255079,Open,Ethiopia,office,009-80B75
Ethiopia_ETHPUGOFO02_FO Pugnido 02,ETHPUGOFO02,FO Pugnido 02,7.70012,34.229635,Open,Ethiopia,office,009-80B75
Ethiopia_ETHSAMOFO01_FO Samara 01,ETHSAMOFO01,FO Samara 01,11.79592,41.003443,Open,Ethiopia,office,009-80B75
Ethiopia_ETHSHEOFU01_FU Sheder 01,ETHSHEOFU01,FU Sheder 01,9.693604,43.120812,Open,Ethiopia,office,009-80830
Burkina Faso_BFAKAYOSO01_SO Kaya 01,BFAKAYOSO01,SO Kaya 01,13.08101,-1.85915,Open,Burkina Faso,office,009-80DBA
Gabon_GABLBVOLO01_LO Libreville 01,GABLBVOLO01,LO Libreville 01,0.43816,9.418972,Open,Gabon,office,009-809DA
Burkina Faso_BFABOBOFO01_FO Bobo-Dioulasso 01,BFABOBOFO01,FO Bobo-Dioulasso 01,11.172137,-4.279346,Open,Burkina Faso,office,009-808F6
Gabon_GABLBVOLO01_LO Libreville 01,GABLBVOLO01,LO Libreville 01,0.438049,9.418504,Open,Gabon,office,009-809DA
Austria_AUTVIEONO01_NO Vienna 01,AUTVIEONO01,NO Vienna 01,48.23337,16.4186,Open,Austria,office,009-80DC6
Georgia_GEOGLIOFO01_FO Gali 01,GEOGLIOFO01,FO Gali 01,42.6238,41.74283,Open,Georgia,office,009-807DB
Georgia_GEOTBIOCO01_CO Tbilisi 01,GEOTBIOCO01,CO Tbilisi 01,41.70907,44.7961,Open,Georgia,office,009-80753
Ghana_GHAACCOCO01_CO Accra 01,GHAACCOCO01,CO Accra 01,5.574812,-0.174934,Open,Ghana,office,009-80875
Ghana_GHATAKOFO01_FO Takoradi 01,GHATAKOFO01,FO Takoradi 01,4.924013,-1.789727,Closed,Ghana,office,009-80985
Greece_GRCATHOCO01_CO Athens 01,GRCATHOCO01,CO Athens 01,37.98102,23.75784,Open,Greece,office,"009-80877,009-80878,009-80879,009-8087D,009-80881,009-80885,009-80897,009-8089C"
Greece_GRCCHIOFU01_FU Chios 01,GRCCHIOFU01,FU Chios 01,38.369332,26.136141,Open,Greece,office,009-80988
Greece_GRCKWSOFO01_FO Kos 01,GRCKWSOFO01,FO Kos 01,36.892043,27.291699,Open,Greece,office,009-80989
Greece_GRCLESOSO01_SO Lesvos 01,GRCLESOSO01,SO Lesvos 01,39.111955,26.558309,Open,Greece,office,009-8097F
Afghanistan_AFGBAMOFU01_FU Bamyan 01,AFGBAMOFU01,FU Bamyan 01,34.815055,67.831365,Open,Afghanistan,office,009-80849
Greece_GRCSMSOFO01_FO Samos 01,GRCSMSOFO01,FO Samos 01,37.7542,26.97954,Open,Greece,office,009-8097C
Greece_GRCTHSOFO01_FO Thessaloniki 01,GRCTHSOFO01,FO Thessaloniki 01,40.620922,22.953485,Open,Greece,office,"009-8097A,009-80986,009-80987	"
Algeria_DZATINOFO01_FO Tindouf 01,DZATINOFO01,FO Tindouf 01,27.666303,-8.143616,Open,Algeria,office,009-80A68
Guatemala_GTMESQOFU01_FU Esquipulas 01,GTMESQOFU01,FU Esquipulas 01,14.563336,-89.3545,Open,Guatemala,office,009-80AC2
Guatemala_GTMGUCOCO01_CO Guatemala city 01,GTMGUCOCO01,CO Guatemala city 01,14.59835,-90.508601,Open,Guatemala,office,"009-80AB8,009-80ADE,009-80AE3,009-80AEC,009-80AF1"
Guatemala_GTMGUCOCO03_CO Guatemala city 03,GTMGUCOCO03,CO Guatemala city 03,14.589165,-90.521549,Closed,Guatemala,office,"009-80AB7,009-80AE6,009-80AEE"
Honduras_HNDCHOOFU01_FU Choluteca 01,HNDCHOOFU01,FU Choluteca 01,13.333129,-87.204263,Open,Honduras,office,009-80B21
Honduras_HNDSPSOFO01_FO San Pedro Sula 01,HNDSPSOFO01,FO San Pedro Sula 01,15.549429,-88.036834,Open,Honduras,office,009-80899
Honduras_HNDTEGOCO01_CO Tegucigalpa 01,HNDTEGOCO01,CO Tegucigalpa 01,14.091748,-87.185086,Open,Honduras,office,"009-80898,009-808C0"
Hungary_HUNBUDOMC01_MC Budapest 01,HUNBUDOMC01,MC Budapest 01,47.516588,19.018236,Open,Hungary,office,009-8093A
Indonesia_IDNJAKOCO01_CO Jakarta 01,IDNJAKOCO01,CO Jakarta 01,-6.207952,106.8292,Open,Indonesia,office,"009-80856,009-80DA2"
Indonesia_IDNMDNOFO01_FO Medan 01,IDNMDNOFO01,FO Medan 01,3.586971,98.682362,Open,Indonesia,office,"009-80856,009-80DA2"
Indonesia_IDNMKSOFO01_FO Makassar 01,IDNMKSOFO01,FO Makassar 01,-5.134624,119.414213,Open,Indonesia,office,"009-80856,009-80DA2"
Indonesia_IDNTANOFO01_FO Tanjung Pinang 01,IDNTANOFO01,FO Tanjung Pinang 01,0.913424,104.489355,Open,Indonesia,office,"009-80856,009-80DA2"
India_INDCNIOFO01_FO Chennai 01,INDCNIOFO01,FO Chennai 01,11.07936,79.64667,Open,India,office,009-80832
India_INDCNIOFO01_FO Chennai 01,INDCNIOFO01,FO Chennai 01,12,80,Open,India,office,009-80832
India_INDNDEOCO01_CO New Delhi 01,INDNDEOCO01,CO New Delhi 01,28.56521,77.16115,Open,India,office,009-80833
Iran_IRNESFOFU01_FU Esfahan 01,IRNESFOFU01,FU Esfahan 01,32.707303,51.673582,Open,Iran,office,009-808BF
Iran_IRNKEROSO01_SO Kerman 01,IRNKEROSO01,SO Kerman 01,30.28477,57.03689,Open,Iran,office,009-808BC
Iran_IRNMASOSO01_SO Mashad 01,IRNMASOSO01,SO Mashad 01,36.318,59.5568,Open,Iran,office,009-808D5
Iran_IRNSHROSO01_SO Shiraz 01,IRNSHROSO01,SO Shiraz 01,29.5755,52.59702,Open,Iran,office,009-808BD
Iran_IRNTEHOCO01_CO Tehran 01,IRNTEHOCO01,CO Tehran 01,35.762035,51.399155,Open,Iran,office,009-808AF
Iraq_IRQDHKOSO01_SO Dohuk 01,IRQDHKOSO01,SO Dohuk 01,36.856639,42.983541,Open,Iraq,office,009-808E0
Iraq_IRQERBOCO01_CO Erbil 01,IRQERBOCO01,CO Erbil 01,36.212696,43.972316,Open,Iraq,office,009-808E1
Iraq_IRQKIROFO01_FO Kirkuk 01,IRQKIROFO01,FO Kirkuk 01,35.48871,44.38175,Closed,Iraq,office,009-80A9B
Iraq_IRQMSLOSO01_SO Mosul 01,IRQMSLOSO01,SO Mosul 01,36.391371,43.128381,Open,Iraq,office,009-80A9B
Central African Republic_CAFBEBOFO01_FO Berberati 01,CAFBEBOFO01,FO Berberati 01,4.260723,15.791245,Open,Central African Republic,office,009-80B2C
Central African Republic_CAFBRIOFU01_FU Bria 01,CAFBRIOFU01,FU Bria 01,6.55093,21.95944,Open,Central African Republic,office,009-80B34
Democratic Republic of the Congo_CODARUOSO01_SO Aru 01,CODARUOSO01,SO Aru 01,2.862412,30.840732,Open,Democratic Republic of the Congo,office,009-808DC
Israel_ISRTELOFO01_FO Tel Aviv 01,ISRTELOFO01,FO Tel Aviv 01,32.06943,34.78584,Open,Israel,office,009-809F7
Italy_ITACTNOFU01_FU Catania 01,ITACTNOFU01,FU Catania 01,37.501,15.091,Open,Italy,office,009-809F7
Italy_ITALABOFU01_FU Lampedusa 01,ITALABOFU01,FU Lampedusa 01,35.511,12.6,Open,Italy,office,009-809F7
Italy_ITAMILOFO01_FO Milan 01,ITAMILOFO01,FO Milan 01,45.466,9.198,Open,Italy,office,009-809F7
Democratic Republic of the Congo_CODGBAOSO01_SO Gbadolite 01,CODGBAOSO01,SO Gbadolite 01,4.27612,21.00351,Open,Democratic Republic of the Congo,office,009-80B31
Jordan_JORIRBOFO01_FO Irbid 01,JORIRBOFO01,FO Irbid 01,32.534498,35.826194,Open,Jordan,office,009-80967
Jordan_JORMAFOSO01_SO Mafraq 01,JORMAFOSO01,SO Mafraq 01,32.33565,36.22052,Open,Jordan,office,009-80A76
Bulgaria_BGRSOFOCO01_CO Sofia 01,BGRSOFOCO01,CO Sofia 01,42.696202,23.317399,Open,Bulgaria,office,009-809AE
Afghanistan_AFGKANOSO01_SO Kandahar 01,AFGKANOSO01,SO Kandahar 01,31.61931,65.68305,Open,Afghanistan,office,"009-80848,009-80DAA"
Kenya_KENIFOOFU01_FU Ifo 01,KENIFOOFU01,FU Ifo 01,0.102232,40.307892,Open,Kenya,office,009-80A27
Kenya_KENKAKOSO01_SO Kakuma 01,KENKAKOSO01,SO Kakuma 01,3.71047,34.85726,Open,Kenya,office,009-8085B
Kenya_KENNAIOCO01_CO Nairobi 01,KENNAIOCO01,CO Nairobi 01,-1.23186,36.818749,Open,Kenya,office,009-80961
Kenya_KENNAIOLO01_LO Nairobi 01,KENNAIOLO01,LO Nairobi 01,-1.2513,36.79133,Open,Kenya,office,009-80961
Kyrgyzstan_KGZBISONO01_NO Bishkek 01,KGZBISONO01,NO Bishkek 01,42.876508,74.589805,Open,Kyrgyzstan,office,009-8083B
South Korea_KORSEOOCO01_CO Seoul 01,KORSEOOCO01,CO Seoul 01,37.566495,126.979415,Closed,South Korea,office,009-8083B
Kosovo_KOSPRIOOC01_OC Pristina 01,KOSPRIOOC01,OC Pristina 01,42.656714,21.15625,Open,Kosovo,office,009-8085F
Kuwait_KWTKUWOCO01_CO Kuwait City 01,KWTKUWOCO01,CO Kuwait City 01,29.274551,48.057947,Open,Kuwait,office,009-80789
Lebanon_LBNBEIOCO01_CO Beirut 01,LBNBEIOCO01,CO Beirut 01,33.872372,35.491716,Open,Lebanon,office,"009-808B0,009-809E5"
Libya_LBYTRLOCO01_CO Tripoli 01,LBYTRLOCO01,CO Tripoli 01,32.83605,13.064294,Open,Libya,office,009-808B4
Sri Lanka_LKACLMOCO01_CO Colombo 01,LKACLMOCO01,CO Colombo 01,6.9271,79.8612,Open,Sri Lanka,office,009-8085A
Morocco_MARRBTOCO01_CO Rabat 01,MARRBTOCO01,CO Rabat 01,33.980955,-6.832643,Open,Morocco,office,009-80858
Republic of Moldova_MDAPLKOFU01_FU Palanka 01,MDAPLKOFU01,FU Palanka 01,46.41002,30.076175,Open,Republic of Moldova,office,009-80858
Mexico_MEXAGUOFU01_FU Aguas Calientes 01,MEXAGUOFU01,FU Aguas Calientes 01,21.885825,-102.290445,Open,Mexico,office,009-809FF
Mexico_MEXIRAOFU01_FU Irapuato 01,MEXIRAOFU01,FU Irapuato 01,20.679253,-101.356026,Closed,Mexico,office,009-809EF
Mexico_MEXLEOOFU01_FU Leon 01,MEXLEOOFU01,FU Leon 01,21.117261,-101.679332,Open,Mexico,office,009-809EF
Mexico_MEXPALOFU01_FU Palenque 01,MEXPALOFU01,FU Palenque 01,17.513995,-91.991448,Open,Mexico,office,009-809ED
Mexico_MEXQUEOFU01_FU Queretaro 01,MEXQUEOFU01,FU Queretaro 01,20.583796,-100.403535,Open,Mexico,office,009-809ED
Mexico_MEXSALOFU01_FU Saltillo 01,MEXSALOFU01,FU Saltillo 01,25.456675,-100.982513,Open,Mexico,office,009-80AFE
Burundi_BDIMUYOFO01_FO Muyinga 01,BDIMUYOFO01,FO Muyinga 01,-2.843313,30.346226,Open,Burundi,office,009-80DC5
Mexico_MEXTAPOFO01_FO Tapachula 01,MEXTAPOFO01,FO Tapachula 01,14.914734,-92.25281,Open,Mexico,office,009-809FA
Mexico_MEXTENOFU01_FU Tenosique 01,MEXTENOFU01,FU Tenosique 01,17.476646,-91.426451,Open,Mexico,office,009-80A00
Mexico_MEXTIJOFU01_FU Tijuana 01,MEXTIJOFU01,FU Tijuana 01,32.539105,-117.059923,Open,Mexico,office,009-809FB
Malta_MLTVALOLO01_LO Valetta 01,MLTVALOLO01,LO Valetta 01,35.89914,14.51186,Open,Malta,office,009-8089E
Myanmar_MMRBUTOFO01_FO Buthidaung 01,MMRBUTOFO01,FO Buthidaung 01,20.868188,92.531405,Open,Myanmar,office,009-8085E
Myanmar_MMRHPAOFO01_FO Hpa An 01,MMRHPAOFO01,FO Hpa An 01,16.866692,97.66579,Open,Myanmar,office,009-80882
Myanmar_MMRLOIOFO01_FO Loikaw 01,MMRLOIOFO01,FO Loikaw 01,19.668242,97.215269,Closed,Myanmar,office,009-8087A
Myanmar_MMRYANOCO01_CO Yangon 01,MMRYANOCO01,CO Yangon 01,17.044697,96.170443,Open,Myanmar,office,009-808A8
Montenegro_MNEPODOCO01_CO Podgorica 01,MNEPODOCO01,CO Podgorica 01,42.43912,19.26232,Open,Montenegro,office,009-808A8
Mozambique_MOZMAPOCO01_CO Maputo 01,MOZMAPOCO01,CO Maputo 01,-25.95786,32.59639,Open,Mozambique,office,009-808EB
Mozambique_MOZNMPOFO01_FO Nampula 01,MOZNMPOFO01,FO Nampula 01,-15.11727,39.26896,Open,Mozambique,office,009-808F0
Mozambique_MOZPEMOSO01_SO Pemba 01,MOZPEMOSO01,SO Pemba 01,-12.96638,40.561796,Open,Mozambique,office,009-808F2
Mauritania_MRTBSKOSO01_SO Bassikounou 01,MRTBSKOSO01,SO Bassikounou 01,15.865677,-5.955094,Open,Mauritania,office,"009-80823,009-809C3"
Canada_CANMTROFO01_FO Montreal 01,CANMTROFO01,FO Montreal 01,45.52899,-73.70293,Open,Canada,office,009-80B37
Namibia_NAMWINOFO01_FO Windhoek 01,NAMWINOFO01,FO Windhoek 01,-22.56499,17.0984,Open,Namibia,office,009-80874
Niger_NERNIAOCO01_CO Niamey 01,NERNIAOCO01,CO Niamey 01,13.5402,2.105434,Open,Niger,office,009-808B8
Niger_NERNIAOFO01_FO Niamey 01,NERNIAOFO01,FO Niamey 01,13.5273,2.1048,Open,Niger,office,009-80867
Niger_NEROULOFU01_FU Ouallam 01,NEROULOFU01,FU Ouallam 01,14.31384,2.086087,Open,Niger,office,009-80895
Brazil_BRASPAOFO01_FO Sao Paulo 01,BRASPAOFO01,FO Sao Paulo 01,-23.57286,-46.690109,Open,Brazil,office,009-80935
Angola_AGOLUAOCO01_CO Luanda 01,AGOLUAOCO01,CO Luanda 01,-8.86124,13.20504,Open,Angola,office,009-80757
Nigeria_NGAMKUOFU01_FU Makurdi 01,NGAMKUOFU01,FU Makurdi 01,7.711691,8.529061,Open,Nigeria,office,009-80AA2
Nigeria_NGATAUOFO01_FO Takum 01,NGATAUOFO01,FO Takum 01,7.26436,9.98121,Open,Nigeria,office,"009-80AA1,009-80B74,009-80B7A"
Nigeria_NGAYOLOFO01_FO Yola 01,NGAYOLOFO01,FO Yola 01,9.24444,12.450953,Open,Nigeria,office,009-80A9D
Nepal_NPLKATOCO01_CO Kathmandu 01,NPLKATOCO01,CO Kathmandu 01,27.735598,85.333309,Open,Nepal,office,009-807B4
Pakistan_PAKHRPOFU01_FU Haripur 01,PAKHRPOFU01,FU Haripur 01,33.98472,72.908867,Open,Pakistan,office,009-80A6D
Pakistan_PAKISLOCO01_CO Islamabad 01,PAKISLOCO01,CO Islamabad 01,33.737772,73.129597,Open,Pakistan,office,009-80859
Pakistan_PAKKRCOFO01_FO Karachi 01,PAKKRCOFO01,FO Karachi 01,24.808374,67.033483,Open,Pakistan,office,"009-80A4D,009-80DFC"
Pakistan_PAKLOROFO01_FO Loralai 01,PAKLOROFO01,FO Loralai 01,30.39375,68.55582,Open,Pakistan,office,009-80A4E
Pakistan_PAKPESOSO01_SO Peshawar 01,PAKPESOSO01,SO Peshawar 01,33.994345,71.489044,Open,Pakistan,office,009-80A4F
Pakistan_PAKQETOSO01_SO Quetta 01,PAKQETOSO01,SO Quetta 01,30.222691,67.001546,Open,Pakistan,office,009-80A4C
Panama_PANPCTOMC01_MC Panama City 01,PANPCTOMC01,MC Panama City 01,8.997789,-79.579582,Open,Panama,office,009-8092F
Democratic Republic of the Congo_CODBUKOFO02_FO Bukavu 02,CODBUKOFO02,FO Bukavu 02,-2.498299,28.887277,Closed,Democratic Republic of the Congo,office,009-808DD
Democratic Republic of the Congo_CODKINOCO01_CO Kinshasa 01,CODKINOCO01,CO Kinshasa 01,-4.324783,15.299326,Open,Democratic Republic of the Congo,office,"009-80B24,009-80E1C"
Poland_POLKRKOSO01_SO Krakow 01,POLKRKOSO01,SO Krakow 01,50.13545,19.92936,Open,Poland,office,009-80A52
Poland_POLRZEOSO01_SO Rzeszow 01,POLRZEOSO01,SO Rzeszow 01,50.09696,21.98432,Open,Poland,office,009-80A52
Chile_CHLSNTOCO01_CO Santiago 01,CHLSNTOCO01,CO Santiago 01,-33.39879,-70.60098,Open,Chile,office,"009-80742,009-80760"
Cameroon_CMRBEAOFO01_FO Buea 01,CMRBEAOFO01,FO Buea 01,4.15295,9.23158,Closed,Cameroon,office,009-80A13
Cameroon_CMRDOUOFO01_FO Douala 01,CMRDOUOFO01,FO Douala 01,4.021662,9.706865,Open,Cameroon,office,009-80A15
Albania_ALBGJROFU01_FU Gjirokastra 01,ALBGJROFU01,FU Gjirokastra 01,40.083497,20.142355,Open,Albania,office,009-80757
Argentina_ARGBUEOMC01_MC Buenos Aires 01,ARGBUEOMC01,MC Buenos Aires 01,-34.59868,-58.38261,Open,Argentina,office,009-8086F
Cameroon_CMRKOUOFO01_FO Kousseri 01,CMRKOUOFO01,FO Kousseri 01,12.087646,15.033502,Open,Cameroon,office,009-80A0D
Burkina Faso_BFAOUGOFO01_FO Ouahigouya 01,BFAOUGOFO01,FO Ouahigouya 01,13.564941,-2.41834,Open,Burkina Faso,office,009-80DD0
Burkina Faso_BFAOUGOFO01_FO Ouahigouya 01,BFAOUGOFO01,FO Ouahigouya 01,13.564941,-2.414834,Open,Burkina Faso,office,009-80DD0
Afghanistan_AFGJALOSO01_SO Jalalabad 01,AFGJALOSO01,SO Jalalabad 01,34.43507,70.438659,Open,Afghanistan,office,"009-8087B,009-8087C,009-80DCD,009-80E1F,009-80E29,009-80E2A"
Ethiopia_ETHMEKOSO01_SO Mekelle 01,ETHMEKOSO01,SO Mekelle 01,13.485881,39.450535,Open,Ethiopia,office,009-8082D
Cameroon_CMRYAOOMC01_MC Yaounde 01,CMRYAOOMC01,MC Yaounde 01,3.891501,11.506572,Open,Cameroon,office,009-80860
Belarus_BLRMINOCO01_CO Minsk 01,BLRMINOCO01,CO Minsk 01,53.895903,27.569992,Open,Belarus,office,009-8089F
Costa Rica_CRIUPAOFO01_FO Upala 01,CRIUPAOFO01,FO Upala 01,10.899269,-85.017656,Open,Costa Rica,office,009-80787
United Arab Emirates_AREDBIOFO01_FO Dubai 01,AREDBIOFO01,FO Dubai 01,24.89521,55.07108,Open,United Arab Emirates,office,009-80B19
Burundi_BDIMAKOFO01_FO Makamba 01,BDIMAKOFO01,FO Makamba 01,-4.133462,29.802247,Open,Burundi,office,009-80B86
Chile_CHLARIOFU01_FU Arica 01,CHLARIOFU01,FU Arica 01,-18.45532,-70.28118,Open,Chile,office,"009-80742,009-80760"
Cameroon_CMRTOUOFU01_FU Touboro 01,CMRTOUOFU01,FU Touboro 01,6.51967,14.27951,Closed,Cameroon,office,009-809FC
Democratic Republic of the Congo_CODBAROFO01_FO Baraka 01,CODBAROFO01,FO Baraka 01,-4.101111,29.095833,Open,Democratic Republic of the Congo,office,009-80E08
Botswana_BWADUKOFO01_FO Dukwi 01,BWADUKOFO01,FO Dukwi 01,-20.5875,26.534166,Open,Botswana,office,009-80866
Burkina Faso_BFADIBOFU01_FU Djibo 01,BFADIBOFU01,FU Djibo 01,14.09257,-1.628494,Open,Burkina Faso,office,009-808F6
Bahamas_BHSNASOFO01_FO Nassau 01,BHSNASOFO01,FO Nassau 01,25.0739,-77.32629,Open,Bahamas,office,009-809AE
Brazil_BRABLMOFU01_FU Belem 01,BRABLMOFU01,FU Belem 01,-1.452063,-48.485312,Open,Brazil,office,009-80DDF
Colombia_COLPRROFU01_FU Pereira 01,COLPRROFU01,FU Pereira 01,4.812914,-75.694453,Open,Colombia,office,009-80DD9
Colombia_COLMTEOFU01_FU Monteira 01,COLMTEOFU01,FU Monteira 01,8.748912,-75.877878,Open,Colombia,office,009-80A30
Belize_BLZBLOONO01_NO Belmopan 01,BLZBLOONO01,NO Belmopan 01,17.166821,-88.919727,Open,Belize,office,009-80DDF
Croatia_HRVZAGOCO01_CO Zagreb 01,HRVZAGOCO01,CO Zagreb 01,45.81028,16.00158,Open,Croatia,office,009-80861
Aruba_ABWORAONO01_NO Oranjestad 01,ABWORAONO01,NO Oranjestad 01,12.5311,-70.03225,Open,Aruba,office,#N/A
Central African Republic_CAFOBOOFU01_FU Obo 01,CAFOBOOFU01,FU Obo 01,5.400083,26.491389,Open,Central African Republic,office,009-80B37
Cameroon_CMRMRUOSO01_SO Maroua 01,CMRMRUOSO01,SO Maroua 01,10.58746,14.31869,Open,Cameroon,office,009-80A0B
Bangladesh_BGDCOXOSO02_SO Coxs Bazar 02,BGDCOXOSO02,SO Coxs Bazar 02,21.214253,92.16383,Open,Bangladesh,office,"009-8092D,009-80B1A,009-80B27"
Afghanistan_AFGKANGGH01_GH Kandahar 01,AFGKANGGH01,GH Kandahar 01,31.61959,65.68341,Open,Afghanistan,office,"009-80890,009-80891"
Ecuador_ECUMTAOFU01_FU Manta 01,ECUMTAOFU01,FU Manta 01,-0.942437,-80.734833,Open,Ecuador,office,009-80927
Guatemala_GTMTECOFU01_FU Tecun Uman 01,GTMTECOFU01,FU Tecun Uman 01,14.67784,-92.138254,Open,Guatemala,office,009-80AC3
Guatemala_GTMSELOFU01_FU Santa Elena 01,GTMSELOFU01,FU Santa Elena 01,16.913175,-89.893519,Open,Guatemala,office,009-80AC8
Mexico_MEXTRNOFU01_FU Torreon 01,MEXTRNOFU01,FU Torreon 01,25.539418,-103.464204,Closed,Mexico,office,009-809FB
Ecuador_ECUHUAOFO01_FO Huaquillas 01,ECUHUAOFO01,FO Huaquillas 01,-3.476343,-80.237892,Open,Ecuador,office,"009-80912,009-80929,009-80958"
Egypt_EGYALEOFO01_FO Alexandria 01,EGYALEOFO01,FO Alexandria 01,31.22582,29.95471,Open,Egypt,office,009-80A97
Kenya_KENNAIORB01_RB Nairobi 01,KENNAIORB01,RB Nairobi 01,-1.228479,36.761587,Open,Kenya,office,"009-80747,009-8074A"
Zimbabwe_ZWETOGOFO01_FO Tongogara 01,ZWETOGOFO01,FO Tongogara 01,-20.347527,32.328551,Open,Zimbabwe,office,009-8084D
Romania_ROUGALOFO01_FO Galati 01,ROUGALOFO01,FO Galati 01,45.431813,28.061221,Open,Romania,office,009-80A52
Venezuela_VENCAROCO01_CO Caracas 01,VENCAROCO01,CO Caracas 01,10.50378,-66.84832,Open,Venezuela,office,009-8084D
Iraq_IRQBAGOCO01_CO Baghdad 01,IRQBAGOCO01,CO Baghdad 01,33.318611,44.404731,Open,Iraq,office,009-808E0
Burundi_BDIBUJOCO01_CO Bujumbura 01,BDIBUJOCO01,CO Bujumbura 01,-3.40901,29.34914,Open,Burundi,office,009-80846
Albania_ALBTIROCO01_CO Tirana 01,ALBTIROCO01,CO Tirana 01,41.327538,19.808572,Open,Albania,office,009-80757
Nigeria_NGAABUOCO01_CO Abuja 01,NGAABUOCO01,CO Abuja 01,9.057921,7.527067,Open,Nigeria,office,009-80785
Myanmar_MMRSITOFO01_FO Sittwe 01,MMRSITOFO01,FO Sittwe 01,20.133103,92.889403,Open,Myanmar,office,009-80E1B
Ecuador_ECUQITOSO01_SO Quito 01,ECUQITOSO01,SO Quito 01,-0.178552,-78.474518,Open,Ecuador,office,"009-8083A,009-80926"
Guatemala_GTMPUEOFU01_FU Puerto Barrios 01,GTMPUEOFU01,FU Puerto Barrios 01,15.727728,-88.591147,Open,Guatemala,office,009-80AF5
Rwanda_RWAKBROFO01_FO Kabarore 01,RWAKBROFO01,FO Kabarore 01,-1.6,30,Open,Rwanda,office,009-8084D
Ethiopia_ETHBHDOLO01_LO Bahir Dar 01,ETHBHDOLO01,LO Bahir Dar 01,11.595556,37.385556,Closed,Ethiopia,office,"009-807D4,009-8082B"
Nigeria_NGAOGOOSO01_SO Ogoja 01,NGAOGOOSO01,SO Ogoja 01,6.64401,8.796888,Open,Nigeria,office,009-80AA5
Kenya_KENGAROFO01_FO Garissa 01,KENGAROFO01,FO Garissa 01,-0.466847,39.642616,Open,Kenya,office,009-80A52
Rwanda_RWAKIGOCO01_CO Kigali 01,RWAKIGOCO01,CO Kigali 01,1,1,Open,Rwanda,office,009-8084D
Rwanda_RWAHUYOFO01_FO Huye 01,RWAHUYOFO01,FO Huye 01,-2.589477,29.746686,Open,Rwanda,office,009-808EC
Ethiopia_ETHTSOOSO01_SO Tsore 01,ETHTSOOSO01,SO Tsore 01,10.235878,34.624968,Open,Ethiopia,office,"009-80829,009-8082C"
Sudan_SDNPSUOCO01_CO Port Sudan 01,SDNPSUOCO01,CO Port Sudan 01,19.3456,37.1233,Open,Sudan,office,009-8084D
Zambia_ZMBLUSOCO02_CO Lusaka 02,ZMBLUSOCO02,CO Lusaka 02,-15.419999,28.353428,Planned,Zambia,office,009-8084D
Zambia_ZMBLUSOCO02_CO Lusaka 02,ZMBLUSOCO02,CO Lusaka 02,-15.419999,28.353428,Open,Zambia,office,009-8084D
Costa Rica_CRIJOSOCO02_CO San Jose 02,CRIJOSOCO02,CO San Jose 02,9.929566,-84.098676,Open,Costa Rica,office,009-80786
Lebanon_LBNTYROFO02_FO Tyre 02,LBNTYROFO02,FO Tyre 02,33.257022,35.220657,Open,Lebanon,office,"009-809EA,009-80AF4"
Chad_TCDABEOFU01_FU Abeche 01,TCDABEOFU01,FU Abeche 01,13.64944,21.58398,Closed,Chad,,009-8084D
